state	source	status	title	rationale
001	recording@00:00:04	optional	Stanford ENGINEERING	Stanford bumper, repeated title, host introduction, or speaker-only opening; metadata and teacher voice preserve the useful context
002	recording@00:00:10	optional	ransformers for Video Generation	Stanford bumper, repeated title, host introduction, or speaker-only opening; metadata and teacher voice preserve the useful context
003	recording@00:00:11	optional	ff &	Stanford bumper, repeated title, host introduction, or speaker-only opening; metadata and teacher voice preserve the useful context
004	recording@00:00:12	optional	’	Stanford bumper, repeated title, host introduction, or speaker-only opening; metadata and teacher voice preserve the useful context
005	recording@00:00:13	optional	f if”	Stanford bumper, repeated title, host introduction, or speaker-only opening; metadata and teacher voice preserve the useful context
006	recording@00:00:14	optional	ee)	Stanford bumper, repeated title, host introduction, or speaker-only opening; metadata and teacher voice preserve the useful context
007	recording@00:00:15	optional	a	Stanford bumper, repeated title, host introduction, or speaker-only opening; metadata and teacher voice preserve the useful context
008	recording@00:00:16	optional	a) f ‘ \ —.!	Stanford bumper, repeated title, host introduction, or speaker-only opening; metadata and teacher voice preserve the useful context
009	recording@00:00:17	optional	_ gl	Stanford bumper, repeated title, host introduction, or speaker-only opening; metadata and teacher voice preserve the useful context
010	recording@00:00:19	optional	F	Stanford bumper, repeated title, host introduction, or speaker-only opening; metadata and teacher voice preserve the useful context
011	recording@00:00:20	optional	an	Stanford bumper, repeated title, host introduction, or speaker-only opening; metadata and teacher voice preserve the useful context
012	recording@00:00:22	optional	ted i	Stanford bumper, repeated title, host introduction, or speaker-only opening; metadata and teacher voice preserve the useful context
013	recording@00:00:23	optional	————— 7	Stanford bumper, repeated title, host introduction, or speaker-only opening; metadata and teacher voice preserve the useful context
014	recording@00:00:24	optional	shane .	Stanford bumper, repeated title, host introduction, or speaker-only opening; metadata and teacher voice preserve the useful context
015	recording@00:00:25	optional	ry = 12 an!	Stanford bumper, repeated title, host introduction, or speaker-only opening; metadata and teacher voice preserve the useful context
016	recording@00:00:26	optional	Transition, speaker, or repeated video micro-state	Stanford bumper, repeated title, host introduction, or speaker-only opening; metadata and teacher voice preserve the useful context
017	recording@00:00:27	optional	>i	Stanford bumper, repeated title, host introduction, or speaker-only opening; metadata and teacher voice preserve the useful context
018	recording@00:00:31	optional	4 id	Stanford bumper, repeated title, host introduction, or speaker-only opening; metadata and teacher voice preserve the useful context
019	recording@00:00:32	optional	war	Stanford bumper, repeated title, host introduction, or speaker-only opening; metadata and teacher voice preserve the useful context
020	recording@00:00:35	optional	=,	Stanford bumper, repeated title, host introduction, or speaker-only opening; metadata and teacher voice preserve the useful context
021	recording@00:00:36	optional	ne	Stanford bumper, repeated title, host introduction, or speaker-only opening; metadata and teacher voice preserve the useful context
022	recording@00:00:37	optional	Transition, speaker, or repeated video micro-state	Stanford bumper, repeated title, host introduction, or speaker-only opening; metadata and teacher voice preserve the useful context
023	recording@00:00:38	optional	a	Stanford bumper, repeated title, host introduction, or speaker-only opening; metadata and teacher voice preserve the useful context
024	recording@00:00:39	optional	Transition, speaker, or repeated video micro-state	Stanford bumper, repeated title, host introduction, or speaker-only opening; metadata and teacher voice preserve the useful context
025	recording@00:00:57	optional	ransformers for Video Generation	Stanford bumper, repeated title, host introduction, or speaker-only opening; metadata and teacher voice preserve the useful context
026	recording@00:00:58	optional	: g	Stanford bumper, repeated title, host introduction, or speaker-only opening; metadata and teacher voice preserve the useful context
027	recording@00:00:59	optional		Stanford bumper, repeated title, host introduction, or speaker-only opening; metadata and teacher voice preserve the useful context
028	recording@00:01:00	optional		Stanford bumper, repeated title, host introduction, or speaker-only opening; metadata and teacher voice preserve the useful context
029	recording@00:01:13	optional	ransformers for Video Generation	Stanford bumper, repeated title, host introduction, or speaker-only opening; metadata and teacher voice preserve the useful context
030	recording@00:01:15	optional	Transition, speaker, or repeated video micro-state	Stanford bumper, repeated title, host introduction, or speaker-only opening; metadata and teacher voice preserve the useful context
031	recording@00:01:16	optional	- f	Stanford bumper, repeated title, host introduction, or speaker-only opening; metadata and teacher voice preserve the useful context
032	recording@00:01:17	optional		Stanford bumper, repeated title, host introduction, or speaker-only opening; metadata and teacher voice preserve the useful context
033	recording@00:01:19	optional		Stanford bumper, repeated title, host introduction, or speaker-only opening; metadata and teacher voice preserve the useful context
034	recording@00:01:20	optional	tT	Stanford bumper, repeated title, host introduction, or speaker-only opening; metadata and teacher voice preserve the useful context
035	recording@00:01:21	optional		Stanford bumper, repeated title, host introduction, or speaker-only opening; metadata and teacher voice preserve the useful context
036	recording@00:01:22	optional		Stanford bumper, repeated title, host introduction, or speaker-only opening; metadata and teacher voice preserve the useful context
037	recording@00:01:23	optional	——— : Nhe	Stanford bumper, repeated title, host introduction, or speaker-only opening; metadata and teacher voice preserve the useful context
038	recording@00:01:24	optional	ee	Stanford bumper, repeated title, host introduction, or speaker-only opening; metadata and teacher voice preserve the useful context
039	recording@00:01:25	optional	Transition, speaker, or repeated video micro-state	Stanford bumper, repeated title, host introduction, or speaker-only opening; metadata and teacher voice preserve the useful context
040	recording@00:01:26	optional	¥ =	Stanford bumper, repeated title, host introduction, or speaker-only opening; metadata and teacher voice preserve the useful context
041	recording@00:01:27	optional	a	Stanford bumper, repeated title, host introduction, or speaker-only opening; metadata and teacher voice preserve the useful context
042	recording@00:01:28	optional	' @	Stanford bumper, repeated title, host introduction, or speaker-only opening; metadata and teacher voice preserve the useful context
043	recording@00:01:29	optional		Stanford bumper, repeated title, host introduction, or speaker-only opening; metadata and teacher voice preserve the useful context
044	recording@00:01:30	optional		Stanford bumper, repeated title, host introduction, or speaker-only opening; metadata and teacher voice preserve the useful context
045	recording@00:01:31	optional	——— @	Stanford bumper, repeated title, host introduction, or speaker-only opening; metadata and teacher voice preserve the useful context
046	recording@00:01:32	optional	al	Stanford bumper, repeated title, host introduction, or speaker-only opening; metadata and teacher voice preserve the useful context
047	recording@00:01:33	optional	Transition, speaker, or repeated video micro-state	Stanford bumper, repeated title, host introduction, or speaker-only opening; metadata and teacher voice preserve the useful context
048	recording@00:01:34	optional	A fluffy koala bear surfs. It has a arev and white coat and a round nose. The surfboard is-vellow. The koala bear	progressive or repeated frame inside an opening video demonstration; a representative final state is retained
049	recording@00:01:35	optional	= =	progressive or repeated frame inside an opening video demonstration; a representative final state is retained
050	recording@00:01:36	optional	wx.	progressive or repeated frame inside an opening video demonstration; a representative final state is retained
051	recording@00:01:37	optional	nits	progressive or repeated frame inside an opening video demonstration; a representative final state is retained
052	recording@00:01:38	optional	gs > .	progressive or repeated frame inside an opening video demonstration; a representative final state is retained
053	recording@00:01:39	optional	=	progressive or repeated frame inside an opening video demonstration; a representative final state is retained
054	recording@00:01:40	optional	f i	progressive or repeated frame inside an opening video demonstration; a representative final state is retained
055	recording@00:01:41	optional	[> -	progressive or repeated frame inside an opening video demonstration; a representative final state is retained
056	recording@00:01:42	optional	A fluffy koala bear surfs. It has a arev and white coat and a round nose. The surfboard isvellow. The koala bear	progressive or repeated frame inside an opening video demonstration; a representative final state is retained
057	recording@00:01:43	optional	A	progressive or repeated frame inside an opening video demonstration; a representative final state is retained
058	recording@00:01:44	optional	A fluffy koala bear surfs. It has a arev and white coat and a round nose. The surfboard is;vellow. The koala bear	progressive or repeated frame inside an opening video demonstration; a representative final state is retained
059	recording@00:01:45	optional	5 of s	progressive or repeated frame inside an opening video demonstration; a representative final state is retained
060	recording@00:01:46	optional	__	progressive or repeated frame inside an opening video demonstration; a representative final state is retained
061	recording@00:01:47	optional	ld	progressive or repeated frame inside an opening video demonstration; a representative final state is retained
062	recording@00:01:48	optional	A fluffy koala bear surfs. It has a arev and white coat and a round nose. The surfboard isvellow. Fhe koala bear	progressive or repeated frame inside an opening video demonstration; a representative final state is retained
063	recording@00:01:49	optional	f a	progressive or repeated frame inside an opening video demonstration; a representative final state is retained
064	recording@00:01:50	required	Movie Gen text-to-video example: surfing koala	independent teaching slide or representative capability/evidence state retained in the note
065	recording@00:01:51	optional	= sx: °	progressive or repeated frame inside an opening video demonstration; a representative final state is retained
066	recording@00:01:55	optional	>	progressive or repeated frame inside an opening video demonstration; a representative final state is retained
067	recording@00:01:56	optional	A ghost in a white haricheat farac a mirenr Tha ahnet'e raflaction can he eean inthe mirror	progressive or repeated frame inside an opening video demonstration; a representative final state is retained
068	recording@00:01:57	optional	A ghost in a white hercheat farac a mirrar The ahnet'c raflactinn can ha eean inctha mirror	progressive or repeated frame inside an opening video demonstration; a representative final state is retained
069	recording@00:01:58	optional	hen SE!	progressive or repeated frame inside an opening video demonstration; a representative final state is retained
070	recording@00:01:59	optional		progressive or repeated frame inside an opening video demonstration; a representative final state is retained
071	recording@00:02:00	optional	Nl rye	progressive or repeated frame inside an opening video demonstration; a representative final state is retained
072	recording@00:02:01	optional	TR, Pe r	progressive or repeated frame inside an opening video demonstration; a representative final state is retained
073	recording@00:02:02	optional	icy ia , =	progressive or repeated frame inside an opening video demonstration; a representative final state is retained
074	recording@00:02:03	optional	4 tare	progressive or repeated frame inside an opening video demonstration; a representative final state is retained
075	recording@00:02:04	optional	ite, SP E	progressive or repeated frame inside an opening video demonstration; a representative final state is retained
076	recording@00:02:05	optional	te, Ora	progressive or repeated frame inside an opening video demonstration; a representative final state is retained
077	recording@00:02:06	optional	i] v7 e	progressive or repeated frame inside an opening video demonstration; a representative final state is retained
078	recording@00:02:07	optional	pm, ee .	progressive or repeated frame inside an opening video demonstration; a representative final state is retained
079	recording@00:02:10	optional	A ghost in a white hercheat farac a mirrar Tha ahnet'c raflactinn can ha eean inctha mirrar	progressive or repeated frame inside an opening video demonstration; a representative final state is retained
080	recording@00:02:11	optional	ip, Ora	progressive or repeated frame inside an opening video demonstration; a representative final state is retained
081	recording@00:02:12	optional	1 wre	progressive or repeated frame inside an opening video demonstration; a representative final state is retained
082	recording@00:02:13	optional	fe, Ore	progressive or repeated frame inside an opening video demonstration; a representative final state is retained
083	recording@00:02:14	optional	te Ora	progressive or repeated frame inside an opening video demonstration; a representative final state is retained
084	recording@00:02:15	optional	“i, Pe	progressive or repeated frame inside an opening video demonstration; a representative final state is retained
085	recording@00:02:16	optional	ie Ore	progressive or repeated frame inside an opening video demonstration; a representative final state is retained
086	recording@00:02:17	optional	7 \\ DY UG? =	progressive or repeated frame inside an opening video demonstration; a representative final state is retained
087	recording@00:02:18	optional	~ Se	progressive or repeated frame inside an opening video demonstration; a representative final state is retained
088	recording@00:02:19	optional	~ Tih Sa	progressive or repeated frame inside an opening video demonstration; a representative final state is retained
089	recording@00:02:20	optional	4 ne : . i	progressive or repeated frame inside an opening video demonstration; a representative final state is retained
090	recording@00:02:21	optional	Wise	progressive or repeated frame inside an opening video demonstration; a representative final state is retained
091	recording@00:02:22	required	Complex reflection example: ghost and mirror	independent teaching slide or representative capability/evidence state retained in the note
092	recording@00:02:23	optional	; Se	progressive or repeated frame inside an opening video demonstration; a representative final state is retained
093	recording@00:02:24	optional	Re, Sa	progressive or repeated frame inside an opening video demonstration; a representative final state is retained
094	recording@00:02:25	optional	im, SP a	progressive or repeated frame inside an opening video demonstration; a representative final state is retained
095	recording@00:02:28	optional	I a ar, a	progressive or repeated frame inside an opening video demonstration; a representative final state is retained
096	recording@00:02:29	optional	ll a	progressive or repeated frame inside an opening video demonstration; a representative final state is retained
097	recording@00:02:30	optional	Cs = t} <aal	progressive or repeated frame inside an opening video demonstration; a representative final state is retained
098	recording@00:02:31	optional	- A — a	progressive or repeated frame inside an opening video demonstration; a representative final state is retained
099	recording@00:02:32	optional	=— — —_ >	progressive or repeated frame inside an opening video demonstration; a representative final state is retained
100	recording@00:02:33	optional	—, =	progressive or repeated frame inside an opening video demonstration; a representative final state is retained
101	recording@00:02:34	optional	= —	progressive or repeated frame inside an opening video demonstration; a representative final state is retained
102	recording@00:02:35	optional	—_r -	progressive or repeated frame inside an opening video demonstration; a representative final state is retained
103	recording@00:02:36	optional	—* nl —	progressive or repeated frame inside an opening video demonstration; a representative final state is retained
104	recording@00:02:38	optional	Transition, speaker, or repeated video micro-state	progressive or repeated frame inside an opening video demonstration; a representative final state is retained
105	recording@00:02:41	optional	Crigina video ‘Text input: Add blue pom poms to his hands.	progressive or repeated frame inside an opening video demonstration; a representative final state is retained
106	recording@00:02:42	optional	j = ———»«-	progressive or repeated frame inside an opening video demonstration; a representative final state is retained
107	recording@00:02:43	optional	Oia video Textinput Adve pom post isha,	progressive or repeated frame inside an opening video demonstration; a representative final state is retained
108	recording@00:02:44	optional	__$§<<' sae Leen	progressive or repeated frame inside an opening video demonstration; a representative final state is retained
109	recording@00:02:45	optional	—_* ~ -_	progressive or repeated frame inside an opening video demonstration; a representative final state is retained
110	recording@00:02:46	optional	= = - :	progressive or repeated frame inside an opening video demonstration; a representative final state is retained
111	recording@00:02:47	optional	= - _	progressive or repeated frame inside an opening video demonstration; a representative final state is retained
112	recording@00:02:48	required	Instruction-based video editing overview	independent teaching slide or representative capability/evidence state retained in the note
113	recording@00:02:49	optional	— — -	progressive or repeated frame inside an opening video demonstration; a representative final state is retained
114	recording@00:02:52	optional	me	progressive or repeated frame inside an opening video demonstration; a representative final state is retained
115	recording@00:02:55	optional	—_— _—_	progressive or repeated frame inside an opening video demonstration; a representative final state is retained
116	recording@00:02:56	optional	Orginal video Textinput: Ad blue pom poms to his hands.	progressive or repeated frame inside an opening video demonstration; a representative final state is retained
117	recording@00:02:57	optional	Original video Text input Ada blue pom poms tohishands	progressive or repeated frame inside an opening video demonstration; a representative final state is retained
118	recording@00:02:58	optional	Original video Testinput: Ad blue pom poms to his hands.	progressive or repeated frame inside an opening video demonstration; a representative final state is retained
119	recording@00:02:59	optional	— =	progressive or repeated frame inside an opening video demonstration; a representative final state is retained
120	recording@00:03:00	optional	= -=	progressive or repeated frame inside an opening video demonstration; a representative final state is retained
121	recording@00:03:01	optional	—T =	progressive or repeated frame inside an opening video demonstration; a representative final state is retained
122	recording@00:03:02	optional	—=_— - ——_	progressive or repeated frame inside an opening video demonstration; a representative final state is retained
123	recording@00:03:06	optional	me	progressive or repeated frame inside an opening video demonstration; a representative final state is retained
124	recording@00:03:07	optional	he recent progress in video generation	progressive or repeated frame inside an opening video demonstration; a representative final state is retained
125	recording@00:03:08	optional	The recent progress in video generation	progressive or repeated frame inside an opening video demonstration; a representative final state is retained
126	recording@00:03:09	optional	The recent progress in video generation	progressive or repeated frame inside an opening video demonstration; a representative final state is retained
127	recording@00:03:10	optional	he recent progress in video generation	progressive or repeated frame inside an opening video demonstration; a representative final state is retained
128	recording@00:03:11	optional	he recent progress in video generation	progressive or repeated frame inside an opening video demonstration; a representative final state is retained
129	recording@00:03:12	optional	>The recent progress in video generation	progressive or repeated frame inside an opening video demonstration; a representative final state is retained
130	recording@00:03:13	optional	>The recent progress in video generation	progressive or repeated frame inside an opening video demonstration; a representative final state is retained
131	recording@00:03:14	optional	>The recent progress in video generation	progressive or repeated frame inside an opening video demonstration; a representative final state is retained
132	recording@00:03:15	optional	>The recent progress in video generation	progressive or repeated frame inside an opening video demonstration; a representative final state is retained
133	recording@00:03:16	optional	The recent progress in video generation	progressive or repeated frame inside an opening video demonstration; a representative final state is retained
134	recording@00:03:17	optional	The recent progress in video generation	progressive or repeated frame inside an opening video demonstration; a representative final state is retained
135	recording@00:03:18	optional	The recent progress in video generation	progressive or repeated frame inside an opening video demonstration; a representative final state is retained
136	recording@00:03:19	optional	he recent progress in video generation	progressive or repeated frame inside an opening video demonstration; a representative final state is retained
137	recording@00:03:21	optional	The recent progress in video generation	progressive or repeated frame inside an opening video demonstration; a representative final state is retained
138	recording@00:03:23	optional	he recent progress in video generation	progressive or repeated frame inside an opening video demonstration; a representative final state is retained
139	recording@00:03:24	optional	he recent progress in video generation	progressive or repeated frame inside an opening video demonstration; a representative final state is retained
140	recording@00:03:25	optional	The recent progress in video generation	progressive or repeated frame inside an opening video demonstration; a representative final state is retained
141	recording@00:03:26	optional	he recent progress in video generation	progressive or repeated frame inside an opening video demonstration; a representative final state is retained
142	recording@00:03:27	optional	The recent progress in video generation	progressive or repeated frame inside an opening video demonstration; a representative final state is retained
143	recording@00:03:28	optional	>The recent progress in video generation	progressive or repeated frame inside an opening video demonstration; a representative final state is retained
144	recording@00:03:29	optional	The recent progress in video generation	progressive or repeated frame inside an opening video demonstration; a representative final state is retained
145	recording@00:03:30	optional	>The recent progress in video generation	transition, loading state, repeated comparison build, or speaker-only interlude
146	recording@00:03:31	optional	The recent progress in video generation	transition, loading state, repeated comparison build, or speaker-only interlude
147	recording@00:03:32	optional	The recent progress in video generation	transition, loading state, repeated comparison build, or speaker-only interlude
148	recording@00:03:33	optional	>The recent progress in video generation	transition, loading state, repeated comparison build, or speaker-only interlude
149	recording@00:03:34	optional	The recent progress in video generation	transition, loading state, repeated comparison build, or speaker-only interlude
150	recording@00:03:35	required	Make-A-Video (Sep 2022) versus Movie Gen (Oct 2024)	independent teaching slide or representative capability/evidence state retained in the note
151	recording@00:03:42	optional	he recent progress in video generation	transition, loading state, repeated comparison build, or speaker-only interlude
152	recording@00:03:50	optional	LL	transition, loading state, repeated comparison build, or speaker-only interlude
153	recording@00:03:51	optional	Ll	transition, loading state, repeated comparison build, or speaker-only interlude
154	recording@00:03:53	optional	Yen	transition, loading state, repeated comparison build, or speaker-only interlude
155	recording@00:05:02	required	Movie Gen paper and simple-transformer scaling thesis	independent teaching slide or representative capability/evidence state retained in the note
156	recording@00:05:04	optional	~ =	transition, loading state, repeated comparison build, or speaker-only interlude
157	recording@00:05:05	optional	e_ . ¥. ) Stanford	transition, loading state, repeated comparison build, or speaker-only interlude
158	recording@00:05:06	optional	—g 0	transition, loading state, repeated comparison build, or speaker-only interlude
159	recording@00:05:10	optional	: Le ¥ id =	transition, loading state, repeated comparison build, or speaker-only interlude
160	recording@00:05:11	optional	‘	transition, loading state, repeated comparison build, or speaker-only interlude
161	recording@00:05:13	optional	Transition, speaker, or repeated video micro-state	transition, loading state, repeated comparison build, or speaker-only interlude
162	recording@00:05:14	optional	= ae	transition, loading state, repeated comparison build, or speaker-only interlude
163	recording@00:05:15	optional	Transition, speaker, or repeated video micro-state	transition, loading state, repeated comparison build, or speaker-only interlude
164	recording@00:05:16	optional	\	transition, loading state, repeated comparison build, or speaker-only interlude
165	recording@00:05:17	optional		transition, loading state, repeated comparison build, or speaker-only interlude
166	recording@00:05:20	optional	3 a	transition, loading state, repeated comparison build, or speaker-only interlude
167	recording@00:05:21	optional	et 7	transition, loading state, repeated comparison build, or speaker-only interlude
168	recording@00:05:22	optional	al : Stanford	transition, loading state, repeated comparison build, or speaker-only interlude
169	recording@00:05:23	optional	N	transition, loading state, repeated comparison build, or speaker-only interlude
170	recording@00:06:11	optional	4 little personal background - why visual generation for me?	progressive build, repeated agenda/architecture state, or speaker-only frame; the final independent teaching state is retained
171	recording@00:06:46	optional	A little personal background - why visual generation?	progressive build, repeated agenda/architecture state, or speaker-only frame; the final independent teaching state is retained
172	recording@00:07:33	optional	A little personal background - why visual generation?	progressive build, repeated agenda/architecture state, or speaker-only frame; the final independent teaching state is retained
173	recording@00:07:51	optional	ovie Gen overview Architecture Data and training recipe	progressive build, repeated agenda/architecture state, or speaker-only frame; the final independent teaching state is retained
174	recording@00:09:39	required	2021--2024 video-generation timeline	independent teaching slide or representative capability/evidence state retained in the note
175	recording@00:10:37	required	Movie Gen overview and scale	independent teaching slide or representative capability/evidence state retained in the note
176	recording@00:10:41	optional	ovie Gen overview Architecture Data and training recipe	progressive build, repeated agenda/architecture state, or speaker-only frame; the final independent teaching state is retained
177	recording@00:11:19	required	Architecture design questions	independent teaching slide or representative capability/evidence state retained in the note
178	recording@00:11:43	required	What representation should a media generator learn?	independent teaching slide or representative capability/evidence state retained in the note
179	recording@00:11:51	optional	Movie Gen Representation	progressive build, repeated agenda/architecture state, or speaker-only frame; the final independent teaching state is retained
180	recording@00:12:34	optional	Movie Gen Representation	progressive build, repeated agenda/architecture state, or speaker-only frame; the final independent teaching state is retained
181	recording@00:13:36	required	Text versus media representation	independent teaching slide or representative capability/evidence state retained in the note
182	recording@00:15:52	required	Pixel modeling versus compressed latent	independent teaching slide or representative capability/evidence state retained in the note
183	recording@00:18:40	optional	Movie Gen Representation	progressive build, repeated agenda/architecture state, or speaker-only frame; the final independent teaching state is retained
184	recording@00:18:43	optional	Movie Gen Architecture	progressive build, repeated agenda/architecture state, or speaker-only frame; the final independent teaching state is retained
185	recording@00:19:17	required	Temporal Autoencoder and 8x spatiotemporal compression	independent teaching slide or representative capability/evidence state retained in the note
186	recording@00:19:45	optional	Movie Gen Architecture	progressive build, repeated agenda/architecture state, or speaker-only frame; the final independent teaching state is retained
187	recording@00:22:06	required	Diffusion and flow-matching reverse process	independent teaching slide or representative capability/evidence state retained in the note
188	recording@00:23:58	required	Flow-matching training	independent teaching slide or representative capability/evidence state retained in the note
189	recording@00:24:41	required	Flow-matching inference	independent teaching slide or representative capability/evidence state retained in the note
190	recording@00:24:50	optional	Movie Gen Architecture	progressive build, repeated agenda/architecture state, or speaker-only frame; the final independent teaching state is retained
191	recording@00:25:12	optional	Movie Gen Architecture	progressive build, repeated agenda/architecture state, or speaker-only frame; the final independent teaching state is retained
192	recording@00:25:34	optional	Movie Gen Architecture	progressive build, repeated agenda/architecture state, or speaker-only frame; the final independent teaching state is retained
193	recording@00:27:15	required	Randomly initialized Llama-style backbone	independent teaching slide or representative capability/evidence state retained in the note
194	recording@00:29:23	required	Text conditioning with three encoders	independent teaching slide or representative capability/evidence state retained in the note
195	recording@00:30:04	required	Adaptive LayerNorm timestep conditioning	independent teaching slide or representative capability/evidence state retained in the note
196	recording@00:30:38	required	Bidirectional MHA instead of causal GQA	independent teaching slide or representative capability/evidence state retained in the note
197	recording@00:33:01	optional	Full architecture	progressive build, repeated agenda/architecture state, or speaker-only frame; the final independent teaching state is retained
198	recording@00:33:09	optional	‘ =	progressive build, repeated agenda/architecture state, or speaker-only frame; the final independent teaching state is retained
199	recording@00:33:10	optional	Transition, speaker, or repeated video micro-state	progressive build, repeated agenda/architecture state, or speaker-only frame; the final independent teaching state is retained
200	recording@00:33:11	optional	EZ man	progressive build, repeated agenda/architecture state, or speaker-only frame; the final independent teaching state is retained
201	recording@00:33:12	optional	Transition, speaker, or repeated video micro-state	progressive build, repeated agenda/architecture state, or speaker-only frame; the final independent teaching state is retained
202	recording@00:33:13	optional	= $$ i	progressive build, repeated agenda/architecture state, or speaker-only frame; the final independent teaching state is retained
203	recording@00:33:14	optional	Transition, speaker, or repeated video micro-state	progressive build, repeated agenda/architecture state, or speaker-only frame; the final independent teaching state is retained
204	recording@00:33:15	optional	Transition, speaker, or repeated video micro-state	progressive build, repeated agenda/architecture state, or speaker-only frame; the final independent teaching state is retained
205	recording@00:33:16	optional	:	progressive build, repeated agenda/architecture state, or speaker-only frame; the final independent teaching state is retained
206	recording@00:33:17	optional	Transition, speaker, or repeated video micro-state	progressive build, repeated agenda/architecture state, or speaker-only frame; the final independent teaching state is retained
207	recording@00:33:18	optional	Transition, speaker, or repeated video micro-state	progressive build, repeated agenda/architecture state, or speaker-only frame; the final independent teaching state is retained
208	recording@00:33:20	optional		progressive build, repeated agenda/architecture state, or speaker-only frame; the final independent teaching state is retained
209	recording@00:33:21	optional	Transition, speaker, or repeated video micro-state	progressive build, repeated agenda/architecture state, or speaker-only frame; the final independent teaching state is retained
210	recording@00:33:22	optional	Transition, speaker, or repeated video micro-state	progressive build, repeated agenda/architecture state, or speaker-only frame; the final independent teaching state is retained
211	recording@00:33:23	optional	ae	progressive build, repeated agenda/architecture state, or speaker-only frame; the final independent teaching state is retained
212	recording@00:33:24	optional	Transition, speaker, or repeated video micro-state	progressive build, repeated agenda/architecture state, or speaker-only frame; the final independent teaching state is retained
213	recording@00:34:00	optional	Full architecture	progressive build, repeated agenda/architecture state, or speaker-only frame; the final independent teaching state is retained
214	recording@00:34:01	optional	'	progressive build, repeated agenda/architecture state, or speaker-only frame; the final independent teaching state is retained
215	recording@00:34:02	optional	ee) Wii	progressive build, repeated agenda/architecture state, or speaker-only frame; the final independent teaching state is retained
216	recording@00:34:03	optional	_	progressive build, repeated agenda/architecture state, or speaker-only frame; the final independent teaching state is retained
217	recording@00:34:04	optional	Transition, speaker, or repeated video micro-state	progressive build, repeated agenda/architecture state, or speaker-only frame; the final independent teaching state is retained
218	recording@00:34:05	optional	. af) a.	progressive build, repeated agenda/architecture state, or speaker-only frame; the final independent teaching state is retained
219	recording@00:34:06	optional	j	progressive build, repeated agenda/architecture state, or speaker-only frame; the final independent teaching state is retained
220	recording@00:34:07	optional	€	progressive build, repeated agenda/architecture state, or speaker-only frame; the final independent teaching state is retained
221	recording@00:34:09	optional	Transition, speaker, or repeated video micro-state	progressive build, repeated agenda/architecture state, or speaker-only frame; the final independent teaching state is retained
222	recording@00:34:10	optional	—=# — Lj	progressive build, repeated agenda/architecture state, or speaker-only frame; the final independent teaching state is retained
223	recording@00:34:11	optional	ae	progressive build, repeated agenda/architecture state, or speaker-only frame; the final independent teaching state is retained
224	recording@00:34:14	optional	—, — ~	progressive build, repeated agenda/architecture state, or speaker-only frame; the final independent teaching state is retained
225	recording@00:34:15	optional	— — = = =	progressive build, repeated agenda/architecture state, or speaker-only frame; the final independent teaching state is retained
226	recording@00:34:16	optional	—s a	progressive build, repeated agenda/architecture state, or speaker-only frame; the final independent teaching state is retained
227	recording@00:34:17	optional	—-» = r	progressive build, repeated agenda/architecture state, or speaker-only frame; the final independent teaching state is retained
228	recording@00:34:18	optional	ig, } ]	progressive build, repeated agenda/architecture state, or speaker-only frame; the final independent teaching state is retained
229	recording@00:34:20	optional	c ' A.	progressive build, repeated agenda/architecture state, or speaker-only frame; the final independent teaching state is retained
230	recording@00:34:21	optional	a vy A.	progressive build, repeated agenda/architecture state, or speaker-only frame; the final independent teaching state is retained
231	recording@00:34:22	optional	=f	progressive build, repeated agenda/architecture state, or speaker-only frame; the final independent teaching state is retained
232	recording@00:34:23	optional	he	progressive build, repeated agenda/architecture state, or speaker-only frame; the final independent teaching state is retained
233	recording@00:34:24	optional	Transition, speaker, or repeated video micro-state	progressive build, repeated agenda/architecture state, or speaker-only frame; the final independent teaching state is retained
234	recording@00:34:29	optional	GF	progressive build, repeated agenda/architecture state, or speaker-only frame; the final independent teaching state is retained
235	recording@00:34:30	optional	Transition, speaker, or repeated video micro-state	progressive build, repeated agenda/architecture state, or speaker-only frame; the final independent teaching state is retained
236	recording@00:34:31	optional	—_ 6 /	progressive build, repeated agenda/architecture state, or speaker-only frame; the final independent teaching state is retained
237	recording@00:34:37	optional	Transition, speaker, or repeated video micro-state	progressive build, repeated agenda/architecture state, or speaker-only frame; the final independent teaching state is retained
238	recording@00:34:49	optional	\ “ tanford	progressive build, repeated agenda/architecture state, or speaker-only frame; the final independent teaching state is retained
239	recording@00:34:50	optional	4.0 “e	progressive build, repeated agenda/architecture state, or speaker-only frame; the final independent teaching state is retained
240	recording@00:34:51	optional	—— ——— — 'j	progressive build, repeated agenda/architecture state, or speaker-only frame; the final independent teaching state is retained
241	recording@00:34:55	optional		progressive build, repeated agenda/architecture state, or speaker-only frame; the final independent teaching state is retained
242	recording@00:34:56	optional		progressive build, repeated agenda/architecture state, or speaker-only frame; the final independent teaching state is retained
243	recording@00:34:57	optional	————S= ii	progressive build, repeated agenda/architecture state, or speaker-only frame; the final independent teaching state is retained
244	recording@00:35:12	required	Full Movie Gen Video architecture	independent teaching slide or representative capability/evidence state retained in the note
245	recording@00:35:20	optional	ovie Gen overview Architecture Data and training recipe	progressive build, repeated agenda/architecture state, or speaker-only frame; the final independent teaching state is retained
246	recording@00:37:30	optional	Data	progressive build, repeated agenda/architecture state, or speaker-only frame; the final independent teaching state is retained
247	recording@00:39:11	required	Data curation and captioning pipeline	independent teaching slide or representative capability/evidence state retained in the note
248	recording@00:40:39	optional	Tralnloa (eetbe	progressive build, repeated agenda/architecture state, or speaker-only frame; the final independent teaching state is retained
249	recording@00:40:53	optional	Data	progressive build, repeated agenda/architecture state, or speaker-only frame; the final independent teaching state is retained
250	recording@00:40:58	required	Progressive training recipe from 256p to 768p	independent teaching slide or representative capability/evidence state retained in the note
251	recording@00:41:11	optional	ovie Gen overview Architecture Data and training recipe	progressive build, repeated agenda/architecture state, or speaker-only frame; the final independent teaching state is retained
252	recording@00:41:12	optional	y finding of Movie Gen: Scaling data, model parameters and compute for a simple transformer resulted in a model that car	progressive build, repeated agenda/architecture state, or speaker-only frame; the final independent teaching state is retained
253	recording@00:41:13	optional	\e 84 _. ~~	micro-state inside a video demo; representative frames retain the distinct capability without turning the note into a frame dump
254	recording@00:41:14	optional	my ™	micro-state inside a video demo; representative frames retain the distinct capability without turning the note into a frame dump
255	recording@00:41:15	optional	. ~*~ “	micro-state inside a video demo; representative frames retain the distinct capability without turning the note into a frame dump
256	recording@00:41:16	optional	—	micro-state inside a video demo; representative frames retain the distinct capability without turning the note into a frame dump
257	recording@00:41:17	required	Learned visual world sample: kite runner	independent teaching slide or representative capability/evidence state retained in the note
258	recording@00:41:18	optional	BS	micro-state inside a video demo; representative frames retain the distinct capability without turning the note into a frame dump
259	recording@00:41:19	optional	hb 2 aN	micro-state inside a video demo; representative frames retain the distinct capability without turning the note into a frame dump
260	recording@00:41:20	optional	“ ~	micro-state inside a video demo; representative frames retain the distinct capability without turning the note into a frame dump
261	recording@00:41:21	optional	% : .	micro-state inside a video demo; representative frames retain the distinct capability without turning the note into a frame dump
262	recording@00:41:22	optional	a!	micro-state inside a video demo; representative frames retain the distinct capability without turning the note into a frame dump
263	recording@00:41:23	optional	‘y	micro-state inside a video demo; representative frames retain the distinct capability without turning the note into a frame dump
264	recording@00:41:24	optional	>	micro-state inside a video demo; representative frames retain the distinct capability without turning the note into a frame dump
265	recording@00:41:25	optional	Li = ~_—	micro-state inside a video demo; representative frames retain the distinct capability without turning the note into a frame dump
266	recording@00:41:26	optional	_ “a	micro-state inside a video demo; representative frames retain the distinct capability without turning the note into a frame dump
267	recording@00:41:27	optional	>.) !	micro-state inside a video demo; representative frames retain the distinct capability without turning the note into a frame dump
268	recording@00:41:28	optional	ae 4	micro-state inside a video demo; representative frames retain the distinct capability without turning the note into a frame dump
269	recording@00:41:29	optional	Be a	micro-state inside a video demo; representative frames retain the distinct capability without turning the note into a frame dump
270	recording@00:41:30	optional	»> \ at	micro-state inside a video demo; representative frames retain the distinct capability without turning the note into a frame dump
271	recording@00:41:31	optional	. Sf	micro-state inside a video demo; representative frames retain the distinct capability without turning the note into a frame dump
272	recording@00:41:32	optional	ra a y	micro-state inside a video demo; representative frames retain the distinct capability without turning the note into a frame dump
273	recording@00:41:33	optional	PN Wa De	micro-state inside a video demo; representative frames retain the distinct capability without turning the note into a frame dump
274	recording@00:41:34	optional	Ss ,	micro-state inside a video demo; representative frames retain the distinct capability without turning the note into a frame dump
275	recording@00:41:35	optional	4 1	micro-state inside a video demo; representative frames retain the distinct capability without turning the note into a frame dump
276	recording@00:41:39	optional	>	micro-state inside a video demo; representative frames retain the distinct capability without turning the note into a frame dump
277	recording@00:41:40	optional	—.	micro-state inside a video demo; representative frames retain the distinct capability without turning the note into a frame dump
278	recording@00:41:41	optional	tm _ ~ }	micro-state inside a video demo; representative frames retain the distinct capability without turning the note into a frame dump
279	recording@00:41:42	optional	F wy ) \	micro-state inside a video demo; representative frames retain the distinct capability without turning the note into a frame dump
280	recording@00:41:43	optional	¥ a &	micro-state inside a video demo; representative frames retain the distinct capability without turning the note into a frame dump
281	recording@00:41:44	optional	me oo wir	micro-state inside a video demo; representative frames retain the distinct capability without turning the note into a frame dump
282	recording@00:41:45	optional	™ —_ Jha	micro-state inside a video demo; representative frames retain the distinct capability without turning the note into a frame dump
283	recording@00:41:46	optional	\ A	micro-state inside a video demo; representative frames retain the distinct capability without turning the note into a frame dump
284	recording@00:41:47	optional	4	micro-state inside a video demo; representative frames retain the distinct capability without turning the note into a frame dump
285	recording@00:41:48	optional	; ins - N	micro-state inside a video demo; representative frames retain the distinct capability without turning the note into a frame dump
286	recording@00:41:49	optional	ye	micro-state inside a video demo; representative frames retain the distinct capability without turning the note into a frame dump
287	recording@00:41:50	optional	‘st	micro-state inside a video demo; representative frames retain the distinct capability without turning the note into a frame dump
288	recording@00:41:54	optional	>	micro-state inside a video demo; representative frames retain the distinct capability without turning the note into a frame dump
289	recording@00:41:55	optional	. N	micro-state inside a video demo; representative frames retain the distinct capability without turning the note into a frame dump
290	recording@00:41:56	optional	es y	micro-state inside a video demo; representative frames retain the distinct capability without turning the note into a frame dump
291	recording@00:41:57	optional	ee Na	micro-state inside a video demo; representative frames retain the distinct capability without turning the note into a frame dump
292	recording@00:41:58	optional	, “ 4	micro-state inside a video demo; representative frames retain the distinct capability without turning the note into a frame dump
293	recording@00:41:59	optional	- = vi +7	micro-state inside a video demo; representative frames retain the distinct capability without turning the note into a frame dump
294	recording@00:42:00	optional	SS \ Wi	micro-state inside a video demo; representative frames retain the distinct capability without turning the note into a frame dump
295	recording@00:42:01	optional	Gy ‘	micro-state inside a video demo; representative frames retain the distinct capability without turning the note into a frame dump
296	recording@00:42:02	optional	, N	micro-state inside a video demo; representative frames retain the distinct capability without turning the note into a frame dump
297	recording@00:42:03	optional	AS K. —, ——__	micro-state inside a video demo; representative frames retain the distinct capability without turning the note into a frame dump
298	recording@00:42:04	optional	A sloth with pink sunglasses lays on a donut float ina pool. The sloth is holding a trop k@AAR Ge wort	micro-state inside a video demo; representative frames retain the distinct capability without turning the note into a frame dump
299	recording@00:42:05	optional	Po	micro-state inside a video demo; representative frames retain the distinct capability without turning the note into a frame dump
300	recording@00:42:06	optional	; = a	micro-state inside a video demo; representative frames retain the distinct capability without turning the note into a frame dump
301	recording@00:42:07	optional	a rn.	micro-state inside a video demo; representative frames retain the distinct capability without turning the note into a frame dump
302	recording@00:42:08	optional	- _ vs	micro-state inside a video demo; representative frames retain the distinct capability without turning the note into a frame dump
303	recording@00:42:09	optional	—	micro-state inside a video demo; representative frames retain the distinct capability without turning the note into a frame dump
304	recording@00:42:10	optional	a	micro-state inside a video demo; representative frames retain the distinct capability without turning the note into a frame dump
305	recording@00:42:11	required	Learned visual world sample: sloth float	independent teaching slide or representative capability/evidence state retained in the note
306	recording@00:42:12	optional	~ an	micro-state inside a video demo; representative frames retain the distinct capability without turning the note into a frame dump
307	recording@00:42:13	optional	al a	micro-state inside a video demo; representative frames retain the distinct capability without turning the note into a frame dump
308	recording@00:42:14	optional	b cn y	micro-state inside a video demo; representative frames retain the distinct capability without turning the note into a frame dump
309	recording@00:42:15	optional	a a =	micro-state inside a video demo; representative frames retain the distinct capability without turning the note into a frame dump
310	recording@00:42:18	optional	>	micro-state inside a video demo; representative frames retain the distinct capability without turning the note into a frame dump
311	recording@00:42:19	optional	aa y ie	micro-state inside a video demo; representative frames retain the distinct capability without turning the note into a frame dump
312	recording@00:42:20	optional	i ee ee	micro-state inside a video demo; representative frames retain the distinct capability without turning the note into a frame dump
313	recording@00:42:21	optional	ee TATA,	micro-state inside a video demo; representative frames retain the distinct capability without turning the note into a frame dump
314	recording@00:42:22	optional	~~ oe “ROW	micro-state inside a video demo; representative frames retain the distinct capability without turning the note into a frame dump
315	recording@00:42:23	optional	«wy	micro-state inside a video demo; representative frames retain the distinct capability without turning the note into a frame dump
316	recording@00:42:24	optional	i ———_,, a =	micro-state inside a video demo; representative frames retain the distinct capability without turning the note into a frame dump
317	recording@00:42:25	optional	,.	micro-state inside a video demo; representative frames retain the distinct capability without turning the note into a frame dump
318	recording@00:42:26	optional	a = —	micro-state inside a video demo; representative frames retain the distinct capability without turning the note into a frame dump
319	recording@00:42:27	optional	~~ 3 _	micro-state inside a video demo; representative frames retain the distinct capability without turning the note into a frame dump
320	recording@00:42:28	optional	—	micro-state inside a video demo; representative frames retain the distinct capability without turning the note into a frame dump
321	recording@00:42:34	optional	»: %	micro-state inside a video demo; representative frames retain the distinct capability without turning the note into a frame dump
322	recording@00:42:35	optional	an UP	micro-state inside a video demo; representative frames retain the distinct capability without turning the note into a frame dump
323	recording@00:42:36	optional	+, <— a =	micro-state inside a video demo; representative frames retain the distinct capability without turning the note into a frame dump
324	recording@00:42:37	optional	a rn	micro-state inside a video demo; representative frames retain the distinct capability without turning the note into a frame dump
325	recording@00:42:38	optional	ee AS	micro-state inside a video demo; representative frames retain the distinct capability without turning the note into a frame dump
326	recording@00:42:39	optional	a — ry	micro-state inside a video demo; representative frames retain the distinct capability without turning the note into a frame dump
327	recording@00:42:40	optional	, —	micro-state inside a video demo; representative frames retain the distinct capability without turning the note into a frame dump
328	recording@00:42:41	optional	2 <i.	micro-state inside a video demo; representative frames retain the distinct capability without turning the note into a frame dump
329	recording@00:42:42	optional	biel	micro-state inside a video demo; representative frames retain the distinct capability without turning the note into a frame dump
330	recording@00:42:43	optional	—	micro-state inside a video demo; representative frames retain the distinct capability without turning the note into a frame dump
331	recording@00:42:44	optional	ee	micro-state inside a video demo; representative frames retain the distinct capability without turning the note into a frame dump
332	recording@00:42:45	optional	= 4	micro-state inside a video demo; representative frames retain the distinct capability without turning the note into a frame dump
333	recording@00:42:49	optional	»	micro-state inside a video demo; representative frames retain the distinct capability without turning the note into a frame dump
334	recording@00:42:51	optional	>	micro-state inside a video demo; representative frames retain the distinct capability without turning the note into a frame dump
335	recording@00:42:52	optional	> La	micro-state inside a video demo; representative frames retain the distinct capability without turning the note into a frame dump
336	recording@00:42:53	optional	.	micro-state inside a video demo; representative frames retain the distinct capability without turning the note into a frame dump
337	recording@00:42:54	required	Precise editing: VR headset	independent teaching slide or representative capability/evidence state retained in the note
338	recording@00:42:55	optional	a=	micro-state inside a video demo; representative frames retain the distinct capability without turning the note into a frame dump
339	recording@00:42:56	optional	we Ls	micro-state inside a video demo; representative frames retain the distinct capability without turning the note into a frame dump
340	recording@00:42:57	optional	; =	micro-state inside a video demo; representative frames retain the distinct capability without turning the note into a frame dump
341	recording@00:42:58	optional	€ SA	micro-state inside a video demo; representative frames retain the distinct capability without turning the note into a frame dump
342	recording@00:42:59	optional	, . ie	micro-state inside a video demo; representative frames retain the distinct capability without turning the note into a frame dump
343	recording@00:43:00	optional	! j © rg	micro-state inside a video demo; representative frames retain the distinct capability without turning the note into a frame dump
344	recording@00:43:01	optional	“~y ©	micro-state inside a video demo; representative frames retain the distinct capability without turning the note into a frame dump
345	recording@00:43:02	optional	ae -©	micro-state inside a video demo; representative frames retain the distinct capability without turning the note into a frame dump
346	recording@00:43:03	optional	r	micro-state inside a video demo; representative frames retain the distinct capability without turning the note into a frame dump
347	recording@00:43:04	optional	—_ as ah 6 fk	micro-state inside a video demo; representative frames retain the distinct capability without turning the note into a frame dump
348	recording@00:43:05	optional	’ SS	micro-state inside a video demo; representative frames retain the distinct capability without turning the note into a frame dump
349	recording@00:43:06	optional	>] tS ae	micro-state inside a video demo; representative frames retain the distinct capability without turning the note into a frame dump
350	recording@00:43:07	optional	ac	micro-state inside a video demo; representative frames retain the distinct capability without turning the note into a frame dump
351	recording@00:43:08	optional	a	micro-state inside a video demo; representative frames retain the distinct capability without turning the note into a frame dump
352	recording@00:43:09	optional	-0	micro-state inside a video demo; representative frames retain the distinct capability without turning the note into a frame dump
353	recording@00:43:10	optional	Os	micro-state inside a video demo; representative frames retain the distinct capability without turning the note into a frame dump
354	recording@00:43:11	optional	~	micro-state inside a video demo; representative frames retain the distinct capability without turning the note into a frame dump
355	recording@00:43:12	optional	b > hy	micro-state inside a video demo; representative frames retain the distinct capability without turning the note into a frame dump
356	recording@00:43:13	optional	I “> @' le	micro-state inside a video demo; representative frames retain the distinct capability without turning the note into a frame dump
357	recording@00:43:14	optional	e #°	micro-state inside a video demo; representative frames retain the distinct capability without turning the note into a frame dump
358	recording@00:43:16	optional	ia	micro-state inside a video demo; representative frames retain the distinct capability without turning the note into a frame dump
359	recording@00:43:17	optional	Vv P ti, ing	micro-state inside a video demo; representative frames retain the distinct capability without turning the note into a frame dump
360	recording@00:43:18	optional	- oil	micro-state inside a video demo; representative frames retain the distinct capability without turning the note into a frame dump
361	recording@00:43:19	optional	.	micro-state inside a video demo; representative frames retain the distinct capability without turning the note into a frame dump
362	recording@00:43:20	optional	u i	micro-state inside a video demo; representative frames retain the distinct capability without turning the note into a frame dump
363	recording@00:43:21	optional	gai' fa	micro-state inside a video demo; representative frames retain the distinct capability without turning the note into a frame dump
364	recording@00:43:22	optional	~	micro-state inside a video demo; representative frames retain the distinct capability without turning the note into a frame dump
365	recording@00:43:23	optional	Oe	micro-state inside a video demo; representative frames retain the distinct capability without turning the note into a frame dump
366	recording@00:43:24	optional	S.	micro-state inside a video demo; representative frames retain the distinct capability without turning the note into a frame dump
367	recording@00:43:25	optional	, B,) Te	micro-state inside a video demo; representative frames retain the distinct capability without turning the note into a frame dump
368	recording@00:43:26	optional	I ey,.	micro-state inside a video demo; representative frames retain the distinct capability without turning the note into a frame dump
369	recording@00:43:27	optional	rea r o	micro-state inside a video demo; representative frames retain the distinct capability without turning the note into a frame dump
370	recording@00:43:30	optional	a	micro-state inside a video demo; representative frames retain the distinct capability without turning the note into a frame dump
371	recording@00:43:31	optional		micro-state inside a video demo; representative frames retain the distinct capability without turning the note into a frame dump
372	recording@00:43:38	optional	Transition, speaker, or repeated video micro-state	micro-state inside a video demo; representative frames retain the distinct capability without turning the note into a frame dump
373	recording@00:43:47	optional	: i	micro-state inside a video demo; representative frames retain the distinct capability without turning the note into a frame dump
374	recording@00:43:54	required	Precise editing: penguins	independent teaching slide or representative capability/evidence state retained in the note
375	recording@00:43:49	optional	Te ee	micro-state inside a video demo; representative frames retain the distinct capability without turning the note into a frame dump
376	recording@00:43:50	optional	i -- = 1 Oe	micro-state inside a video demo; representative frames retain the distinct capability without turning the note into a frame dump
377	recording@00:43:51	optional		micro-state inside a video demo; representative frames retain the distinct capability without turning the note into a frame dump
378	recording@00:43:52	optional	"<— "" -. a ~"	micro-state inside a video demo; representative frames retain the distinct capability without turning the note into a frame dump
379	recording@00:43:53	optional	t _— es ' —S* =	micro-state inside a video demo; representative frames retain the distinct capability without turning the note into a frame dump
380	recording@00:43:54	optional	\ ~ . ie	micro-state inside a video demo; representative frames retain the distinct capability without turning the note into a frame dump
381	recording@00:43:55	optional	_ a a aia >	micro-state inside a video demo; representative frames retain the distinct capability without turning the note into a frame dump
382	recording@00:43:56	optional	—_ = ia	micro-state inside a video demo; representative frames retain the distinct capability without turning the note into a frame dump
383	recording@00:43:57	optional	> - —_ _ =	micro-state inside a video demo; representative frames retain the distinct capability without turning the note into a frame dump
384	recording@00:44:00	optional	>	micro-state inside a video demo; representative frames retain the distinct capability without turning the note into a frame dump
385	recording@00:44:01	optional	* i Tha a Ee	micro-state inside a video demo; representative frames retain the distinct capability without turning the note into a frame dump
386	recording@00:44:02	optional	\ =	micro-state inside a video demo; representative frames retain the distinct capability without turning the note into a frame dump
387	recording@00:44:03	optional	®	micro-state inside a video demo; representative frames retain the distinct capability without turning the note into a frame dump
388	recording@00:44:12	required	Personalized video generation	independent teaching slide or representative capability/evidence state retained in the note
389	recording@00:44:05	optional	oad =~ \	micro-state inside a video demo; representative frames retain the distinct capability without turning the note into a frame dump
390	recording@00:44:06	optional	\) #% y = i \	micro-state inside a video demo; representative frames retain the distinct capability without turning the note into a frame dump
391	recording@00:44:07	optional	———_ —_	micro-state inside a video demo; representative frames retain the distinct capability without turning the note into a frame dump
392	recording@00:44:08	optional	aN , =~ 1	micro-state inside a video demo; representative frames retain the distinct capability without turning the note into a frame dump
393	recording@00:44:09	optional	J —	micro-state inside a video demo; representative frames retain the distinct capability without turning the note into a frame dump
394	recording@00:44:10	optional	F aN © ss	micro-state inside a video demo; representative frames retain the distinct capability without turning the note into a frame dump
395	recording@00:44:11	optional	0 Ss iJ	micro-state inside a video demo; representative frames retain the distinct capability without turning the note into a frame dump
396	recording@00:44:12	optional	q —	micro-state inside a video demo; representative frames retain the distinct capability without turning the note into a frame dump
397	recording@00:44:13	optional	oN =	micro-state inside a video demo; representative frames retain the distinct capability without turning the note into a frame dump
398	recording@00:44:14	optional	ry \	micro-state inside a video demo; representative frames retain the distinct capability without turning the note into a frame dump
399	recording@00:44:18	optional	>	micro-state inside a video demo; representative frames retain the distinct capability without turning the note into a frame dump
400	recording@00:44:19	optional	{ ‘ ~ — 4	micro-state inside a video demo; representative frames retain the distinct capability without turning the note into a frame dump
401	recording@00:44:20	optional	F aN Sea J	micro-state inside a video demo; representative frames retain the distinct capability without turning the note into a frame dump
402	recording@00:44:21	optional	"\"" = =-s \"	micro-state inside a video demo; representative frames retain the distinct capability without turning the note into a frame dump
403	recording@00:44:22	optional	=_ =	micro-state inside a video demo; representative frames retain the distinct capability without turning the note into a frame dump
404	recording@00:44:23	optional	7 F oN =	micro-state inside a video demo; representative frames retain the distinct capability without turning the note into a frame dump
405	recording@00:44:24	optional	>	micro-state inside a video demo; representative frames retain the distinct capability without turning the note into a frame dump
406	recording@00:44:25	optional	Aman sits in the desert, wearing a wide-brimmed hat, a brown coat, and a scarf The man holds a glass of amber-colored tea. The	micro-state inside a video demo; representative frames retain the distinct capability without turning the note into a frame dump
407	recording@00:44:26	optional	i	micro-state inside a video demo; representative frames retain the distinct capability without turning the note into a frame dump
408	recording@00:44:27	optional	SEE —- °° °° ° ° ° ° °° «°-°-:°-«-«»«~»°&« xx -«	micro-state inside a video demo; representative frames retain the distinct capability without turning the note into a frame dump
409	recording@00:44:28	optional	\\	micro-state inside a video demo; representative frames retain the distinct capability without turning the note into a frame dump
410	recording@00:44:29	optional	= wowsa	micro-state inside a video demo; representative frames retain the distinct capability without turning the note into a frame dump
411	recording@00:44:30	optional	De \\ \a	micro-state inside a video demo; representative frames retain the distinct capability without turning the note into a frame dump
412	recording@00:44:31	optional	Oi \\ \a a	micro-state inside a video demo; representative frames retain the distinct capability without turning the note into a frame dump
413	recording@00:44:32	optional	\\ EL }	micro-state inside a video demo; representative frames retain the distinct capability without turning the note into a frame dump
414	recording@00:44:33	optional	\) ie	micro-state inside a video demo; representative frames retain the distinct capability without turning the note into a frame dump
415	recording@00:44:34	optional	Ww Va ‘i	micro-state inside a video demo; representative frames retain the distinct capability without turning the note into a frame dump
416	recording@00:44:35	optional	\ i ie	micro-state inside a video demo; representative frames retain the distinct capability without turning the note into a frame dump
417	recording@00:44:36	optional	Aman sits in the desert, wearing a wide-brimmed hat, a brown coat, and a scarf. The man holds a glass of amber-colored tea. The	micro-state inside a video demo; representative frames retain the distinct capability without turning the note into a frame dump
418	recording@00:44:39	optional	>	micro-state inside a video demo; representative frames retain the distinct capability without turning the note into a frame dump
419	recording@00:44:43	required	Video-conditioned synchronized audio	independent teaching slide or representative capability/evidence state retained in the note
420	recording@00:44:45	optional	Movie Gen Audio: Thunder cracks loudly, with an orchestral music track.	micro-state inside a video demo; representative frames retain the distinct capability without turning the note into a frame dump
421	recording@00:44:46	optional	.	micro-state inside a video demo; representative frames retain the distinct capability without turning the note into a frame dump
422	recording@00:44:47	optional	_	micro-state inside a video demo; representative frames retain the distinct capability without turning the note into a frame dump
423	recording@00:44:48	optional	al	micro-state inside a video demo; representative frames retain the distinct capability without turning the note into a frame dump
424	recording@00:44:49	optional	-	micro-state inside a video demo; representative frames retain the distinct capability without turning the note into a frame dump
425	recording@00:44:50	optional	io	micro-state inside a video demo; representative frames retain the distinct capability without turning the note into a frame dump
426	recording@00:45:00	optional	>	micro-state inside a video demo; representative frames retain the distinct capability without turning the note into a frame dump
427	recording@00:45:03	optional	Movie Gen Audio: Thunder cracks loudly, with an orchestral music track.	micro-state inside a video demo; representative frames retain the distinct capability without turning the note into a frame dump
428	recording@00:45:04	optional	Movie Gen Audio: Thunder cracks loudly, with an orchestral music track.	micro-state inside a video demo; representative frames retain the distinct capability without turning the note into a frame dump
429	recording@00:45:05	optional	Movie Gen Audio: Thunder cracks loudly, with an orchestral music track.	micro-state inside a video demo; representative frames retain the distinct capability without turning the note into a frame dump
430	recording@00:45:06	optional	*	micro-state inside a video demo; representative frames retain the distinct capability without turning the note into a frame dump
431	recording@00:45:07	optional	Movie Gen Audio: Thunder cracks loudly, with an orchestral music track.	micro-state inside a video demo; representative frames retain the distinct capability without turning the note into a frame dump
432	recording@00:45:08	optional	-	micro-state inside a video demo; representative frames retain the distinct capability without turning the note into a frame dump
433	recording@00:47:24	required	Human-evaluation net win rates	independent teaching slide or representative capability/evidence state retained in the note
434	recording@00:49:13	required	Movie Gen and Llama 3 scaling laws	independent teaching slide or representative capability/evidence state retained in the note
435	recording@00:49:19	optional	ovie Gen overview Architecture Data and training recipe	progressive result/failure/future build or repeated embedded-video frame; the clearest state is retained
436	recording@00:49:20	optional	What is next for Video Generation	progressive result/failure/future build or repeated embedded-video frame; the clearest state is retained
437	recording@00:49:40	optional	What is next for Video Generation	progressive result/failure/future build or repeated embedded-video frame; the clearest state is retained
438	recording@00:49:41	optional	What is next for Video Generation	progressive result/failure/future build or repeated embedded-video frame; the clearest state is retained
439	recording@00:49:42	optional	What is next for Video Generation	progressive result/failure/future build or repeated embedded-video frame; the clearest state is retained
440	recording@00:49:43	optional	What is next for Video Generation	progressive result/failure/future build or repeated embedded-video frame; the clearest state is retained
441	recording@00:49:44	optional	What is next for Video Generation	progressive result/failure/future build or repeated embedded-video frame; the clearest state is retained
442	recording@00:49:45	optional	What is next for Video Generation	progressive result/failure/future build or repeated embedded-video frame; the clearest state is retained
443	recording@00:49:46	optional	What is next for Video Generation	progressive result/failure/future build or repeated embedded-video frame; the clearest state is retained
444	recording@00:49:47	optional	What is next for Video Generation	progressive result/failure/future build or repeated embedded-video frame; the clearest state is retained
445	recording@00:49:48	optional	What is next for Video Generation	progressive result/failure/future build or repeated embedded-video frame; the clearest state is retained
446	recording@00:49:49	optional	What is next for Video Generation	progressive result/failure/future build or repeated embedded-video frame; the clearest state is retained
447	recording@00:49:50	optional	What is next for Video Generation	progressive result/failure/future build or repeated embedded-video frame; the clearest state is retained
448	recording@00:49:51	optional	What is next for Video Generation	progressive result/failure/future build or repeated embedded-video frame; the clearest state is retained
449	recording@00:49:53	optional	What is next for Video Generation	progressive result/failure/future build or repeated embedded-video frame; the clearest state is retained
450	recording@00:49:54	optional	What is next for Video Generation	progressive result/failure/future build or repeated embedded-video frame; the clearest state is retained
451	recording@00:49:55	optional	What is next for Video Generation	progressive result/failure/future build or repeated embedded-video frame; the clearest state is retained
452	recording@00:49:56	optional	What is next for Video Generation	progressive result/failure/future build or repeated embedded-video frame; the clearest state is retained
453	recording@00:49:57	optional	What is next for Video Generation	progressive result/failure/future build or repeated embedded-video frame; the clearest state is retained
454	recording@00:49:58	optional	What is next for Video Generation	progressive result/failure/future build or repeated embedded-video frame; the clearest state is retained
455	recording@00:49:59	optional	What is next for Video Generation	progressive result/failure/future build or repeated embedded-video frame; the clearest state is retained
456	recording@00:50:00	optional	What is next for Video Generation	progressive result/failure/future build or repeated embedded-video frame; the clearest state is retained
457	recording@00:50:01	optional	What is next for Video Generation	progressive result/failure/future build or repeated embedded-video frame; the clearest state is retained
458	recording@00:50:02	optional	What is next for Video Generation	progressive result/failure/future build or repeated embedded-video frame; the clearest state is retained
459	recording@00:50:03	optional	What is next for Video Generation	progressive result/failure/future build or repeated embedded-video frame; the clearest state is retained
460	recording@00:50:04	required	Failure case: complex collision dynamics	independent teaching slide or representative capability/evidence state retained in the note
461	recording@00:50:09	optional	What is next for Video Generation	progressive result/failure/future build or repeated embedded-video frame; the clearest state is retained
462	recording@00:50:10	optional	What is next for Video Generation	progressive result/failure/future build or repeated embedded-video frame; the clearest state is retained
463	recording@00:50:11	optional	What is next for Video Generation	progressive result/failure/future build or repeated embedded-video frame; the clearest state is retained
464	recording@00:53:37	required	Future directions: scale, reasoning, native generation	independent teaching slide or representative capability/evidence state retained in the note
465	recording@00:53:56	optional	Acknowledgements for Movie Gen	progressive result/failure/future build or repeated embedded-video frame; the clearest state is retained
466	recording@00:54:44	optional	What is next for Video Generation	progressive result/failure/future build or repeated embedded-video frame; the clearest state is retained
467	recording@00:54:45	optional	—	Q&A speaker-only frame, projector transition, or repeated earlier slide; spoken content is retained in the teacher-voice ledger and prose
468	recording@00:54:48	optional	Transition, speaker, or repeated video micro-state	Q&A speaker-only frame, projector transition, or repeated earlier slide; spoken content is retained in the teacher-voice ledger and prose
469	recording@00:54:49	optional	Transition, speaker, or repeated video micro-state	Q&A speaker-only frame, projector transition, or repeated earlier slide; spoken content is retained in the teacher-voice ledger and prose
470	recording@00:54:50	optional	ar	Q&A speaker-only frame, projector transition, or repeated earlier slide; spoken content is retained in the teacher-voice ledger and prose
471	recording@00:54:51	optional	<	Q&A speaker-only frame, projector transition, or repeated earlier slide; spoken content is retained in the teacher-voice ledger and prose
472	recording@00:54:52	optional	<	Q&A speaker-only frame, projector transition, or repeated earlier slide; spoken content is retained in the teacher-voice ledger and prose
473	recording@00:54:53	optional	= Leeceeeeeeee	Q&A speaker-only frame, projector transition, or repeated earlier slide; spoken content is retained in the teacher-voice ledger and prose
474	recording@00:54:54	optional	: Sy wat	Q&A speaker-only frame, projector transition, or repeated earlier slide; spoken content is retained in the teacher-voice ledger and prose
475	recording@00:54:55	optional	e	Q&A speaker-only frame, projector transition, or repeated earlier slide; spoken content is retained in the teacher-voice ledger and prose
476	recording@00:54:59	optional	Transition, speaker, or repeated video micro-state	Q&A speaker-only frame, projector transition, or repeated earlier slide; spoken content is retained in the teacher-voice ledger and prose
477	recording@00:55:00	optional	ae 4	Q&A speaker-only frame, projector transition, or repeated earlier slide; spoken content is retained in the teacher-voice ledger and prose
478	recording@00:55:01	optional	i —	Q&A speaker-only frame, projector transition, or repeated earlier slide; spoken content is retained in the teacher-voice ledger and prose
479	recording@00:55:02	optional	Transition, speaker, or repeated video micro-state	Q&A speaker-only frame, projector transition, or repeated earlier slide; spoken content is retained in the teacher-voice ledger and prose
480	recording@00:55:03	optional	. -	Q&A speaker-only frame, projector transition, or repeated earlier slide; spoken content is retained in the teacher-voice ledger and prose
481	recording@00:55:08	optional	Ss	Q&A speaker-only frame, projector transition, or repeated earlier slide; spoken content is retained in the teacher-voice ledger and prose
482	recording@00:55:09	optional	‘S	Q&A speaker-only frame, projector transition, or repeated earlier slide; spoken content is retained in the teacher-voice ledger and prose
483	recording@00:55:10	optional	Transition, speaker, or repeated video micro-state	Q&A speaker-only frame, projector transition, or repeated earlier slide; spoken content is retained in the teacher-voice ledger and prose
484	recording@00:55:11	optional	7	Q&A speaker-only frame, projector transition, or repeated earlier slide; spoken content is retained in the teacher-voice ledger and prose
485	recording@00:55:12	optional	Transition, speaker, or repeated video micro-state	Q&A speaker-only frame, projector transition, or repeated earlier slide; spoken content is retained in the teacher-voice ledger and prose
486	recording@00:55:13	optional	, >	Q&A speaker-only frame, projector transition, or repeated earlier slide; spoken content is retained in the teacher-voice ledger and prose
487	recording@00:55:15	optional	= = . 1	Q&A speaker-only frame, projector transition, or repeated earlier slide; spoken content is retained in the teacher-voice ledger and prose
488	recording@00:55:16	optional	. : - wht	Q&A speaker-only frame, projector transition, or repeated earlier slide; spoken content is retained in the teacher-voice ledger and prose
489	recording@00:55:17	optional	b =e wt	Q&A speaker-only frame, projector transition, or repeated earlier slide; spoken content is retained in the teacher-voice ledger and prose
490	recording@00:55:18	optional	a = 4 W	Q&A speaker-only frame, projector transition, or repeated earlier slide; spoken content is retained in the teacher-voice ledger and prose
491	recording@00:55:19	optional	“y	Q&A speaker-only frame, projector transition, or repeated earlier slide; spoken content is retained in the teacher-voice ledger and prose
492	recording@00:55:20	optional	= —_ 2	Q&A speaker-only frame, projector transition, or repeated earlier slide; spoken content is retained in the teacher-voice ledger and prose
493	recording@00:55:21	optional	P	Q&A speaker-only frame, projector transition, or repeated earlier slide; spoken content is retained in the teacher-voice ledger and prose
494	recording@00:55:23	optional	— oo	Q&A speaker-only frame, projector transition, or repeated earlier slide; spoken content is retained in the teacher-voice ledger and prose
495	recording@00:55:24	optional	: :	Q&A speaker-only frame, projector transition, or repeated earlier slide; spoken content is retained in the teacher-voice ledger and prose
496	recording@00:55:25	optional	Transition, speaker, or repeated video micro-state	Q&A speaker-only frame, projector transition, or repeated earlier slide; spoken content is retained in the teacher-voice ledger and prose
497	recording@00:55:26	optional	@ a	Q&A speaker-only frame, projector transition, or repeated earlier slide; spoken content is retained in the teacher-voice ledger and prose
498	recording@00:55:27	optional	ey	Q&A speaker-only frame, projector transition, or repeated earlier slide; spoken content is retained in the teacher-voice ledger and prose
499	recording@00:55:28	optional	=3—	Q&A speaker-only frame, projector transition, or repeated earlier slide; spoken content is retained in the teacher-voice ledger and prose
500	recording@00:55:33	optional	ng	Q&A speaker-only frame, projector transition, or repeated earlier slide; spoken content is retained in the teacher-voice ledger and prose
501	recording@00:55:41	optional	oe	Q&A speaker-only frame, projector transition, or repeated earlier slide; spoken content is retained in the teacher-voice ledger and prose
502	recording@00:55:42	optional	<=	Q&A speaker-only frame, projector transition, or repeated earlier slide; spoken content is retained in the teacher-voice ledger and prose
503	recording@00:55:43	optional	> a	Q&A speaker-only frame, projector transition, or repeated earlier slide; spoken content is retained in the teacher-voice ledger and prose
504	recording@00:55:44	optional	Sy	Q&A speaker-only frame, projector transition, or repeated earlier slide; spoken content is retained in the teacher-voice ledger and prose
505	recording@00:55:45	optional	K	Q&A speaker-only frame, projector transition, or repeated earlier slide; spoken content is retained in the teacher-voice ledger and prose
506	recording@00:55:47	optional	Ay	Q&A speaker-only frame, projector transition, or repeated earlier slide; spoken content is retained in the teacher-voice ledger and prose
507	recording@00:55:55	optional	¢ _	Q&A speaker-only frame, projector transition, or repeated earlier slide; spoken content is retained in the teacher-voice ledger and prose
508	recording@00:55:56	optional	i, = ea GE	Q&A speaker-only frame, projector transition, or repeated earlier slide; spoken content is retained in the teacher-voice ledger and prose
509	recording@00:55:57	optional	= g ———————————— $< =	Q&A speaker-only frame, projector transition, or repeated earlier slide; spoken content is retained in the teacher-voice ledger and prose
510	recording@00:55:58	optional	— SS ——— =	Q&A speaker-only frame, projector transition, or repeated earlier slide; spoken content is retained in the teacher-voice ledger and prose
511	recording@00:56:00	optional	a)	Q&A speaker-only frame, projector transition, or repeated earlier slide; spoken content is retained in the teacher-voice ledger and prose
512	recording@00:56:01	optional	=	Q&A speaker-only frame, projector transition, or repeated earlier slide; spoken content is retained in the teacher-voice ledger and prose
513	recording@00:56:02	optional	% .	Q&A speaker-only frame, projector transition, or repeated earlier slide; spoken content is retained in the teacher-voice ledger and prose
514	recording@00:56:03	optional	.	Q&A speaker-only frame, projector transition, or repeated earlier slide; spoken content is retained in the teacher-voice ledger and prose
515	recording@00:56:04	optional		Q&A speaker-only frame, projector transition, or repeated earlier slide; spoken content is retained in the teacher-voice ledger and prose
516	recording@00:56:05	optional		Q&A speaker-only frame, projector transition, or repeated earlier slide; spoken content is retained in the teacher-voice ledger and prose
517	recording@00:56:06	optional	<=	Q&A speaker-only frame, projector transition, or repeated earlier slide; spoken content is retained in the teacher-voice ledger and prose
518	recording@00:56:07	optional	——= =	Q&A speaker-only frame, projector transition, or repeated earlier slide; spoken content is retained in the teacher-voice ledger and prose
519	recording@00:56:08	optional	i	Q&A speaker-only frame, projector transition, or repeated earlier slide; spoken content is retained in the teacher-voice ledger and prose
520	recording@00:56:09	optional	Transition, speaker, or repeated video micro-state	Q&A speaker-only frame, projector transition, or repeated earlier slide; spoken content is retained in the teacher-voice ledger and prose
521	recording@00:56:11	optional	» — ae anf	Q&A speaker-only frame, projector transition, or repeated earlier slide; spoken content is retained in the teacher-voice ledger and prose
522	recording@00:56:12	optional	}	Q&A speaker-only frame, projector transition, or repeated earlier slide; spoken content is retained in the teacher-voice ledger and prose
523	recording@00:56:13	optional	if .	Q&A speaker-only frame, projector transition, or repeated earlier slide; spoken content is retained in the teacher-voice ledger and prose
524	recording@00:56:14	optional	Stanford	Q&A speaker-only frame, projector transition, or repeated earlier slide; spoken content is retained in the teacher-voice ledger and prose
525	recording@00:56:15	optional	‘ie se se i ea cas ee a than en Tan TT	Q&A speaker-only frame, projector transition, or repeated earlier slide; spoken content is retained in the teacher-voice ledger and prose
526	recording@00:56:16	optional	Data	Q&A speaker-only frame, projector transition, or repeated earlier slide; spoken content is retained in the teacher-voice ledger and prose
527	recording@00:56:17	optional	Movie Gen Architecture	Q&A speaker-only frame, projector transition, or repeated earlier slide; spoken content is retained in the teacher-voice ledger and prose
528	recording@00:57:27	optional	Full architecture	Q&A speaker-only frame, projector transition, or repeated earlier slide; spoken content is retained in the teacher-voice ledger and prose
529	recording@00:57:28	optional	if	Q&A speaker-only frame, projector transition, or repeated earlier slide; spoken content is retained in the teacher-voice ledger and prose
530	recording@00:57:32	optional	2 ;	Q&A speaker-only frame, projector transition, or repeated earlier slide; spoken content is retained in the teacher-voice ledger and prose
531	recording@00:57:33	optional	i 2 d Stanford	Q&A speaker-only frame, projector transition, or repeated earlier slide; spoken content is retained in the teacher-voice ledger and prose
532	recording@00:57:39	optional		Q&A speaker-only frame, projector transition, or repeated earlier slide; spoken content is retained in the teacher-voice ledger and prose
533	recording@00:58:54	optional	Full architecture	Q&A speaker-only frame, projector transition, or repeated earlier slide; spoken content is retained in the teacher-voice ledger and prose
534	recording@00:58:59	optional	’ :	Q&A speaker-only frame, projector transition, or repeated earlier slide; spoken content is retained in the teacher-voice ledger and prose
535	recording@00:59:01	optional	i	Q&A speaker-only frame, projector transition, or repeated earlier slide; spoken content is retained in the teacher-voice ledger and prose
536	recording@00:59:13	optional		Q&A speaker-only frame, projector transition, or repeated earlier slide; spoken content is retained in the teacher-voice ledger and prose
537	recording@00:59:14	optional	te	Q&A speaker-only frame, projector transition, or repeated earlier slide; spoken content is retained in the teacher-voice ledger and prose
538	recording@00:59:17	optional	;	Q&A speaker-only frame, projector transition, or repeated earlier slide; spoken content is retained in the teacher-voice ledger and prose
539	recording@00:59:18	optional	d	Q&A speaker-only frame, projector transition, or repeated earlier slide; spoken content is retained in the teacher-voice ledger and prose
540	recording@00:59:19	optional	<	Q&A speaker-only frame, projector transition, or repeated earlier slide; spoken content is retained in the teacher-voice ledger and prose
541	recording@01:00:13	optional	Data	Q&A speaker-only frame, projector transition, or repeated earlier slide; spoken content is retained in the teacher-voice ledger and prose
542	recording@01:00:14	optional	i. NZ 2	Q&A speaker-only frame, projector transition, or repeated earlier slide; spoken content is retained in the teacher-voice ledger and prose
543	recording@01:00:15	optional	S A 2	Q&A speaker-only frame, projector transition, or repeated earlier slide; spoken content is retained in the teacher-voice ledger and prose
544	recording@01:00:16	optional	—*	Q&A speaker-only frame, projector transition, or repeated earlier slide; spoken content is retained in the teacher-voice ledger and prose
545	recording@01:00:17	optional	Transition, speaker, or repeated video micro-state	Q&A speaker-only frame, projector transition, or repeated earlier slide; spoken content is retained in the teacher-voice ledger and prose
546	recording@01:00:18	optional	Transition, speaker, or repeated video micro-state	Q&A speaker-only frame, projector transition, or repeated earlier slide; spoken content is retained in the teacher-voice ledger and prose
547	recording@01:00:19	optional	= — _ = ee —_———	Q&A speaker-only frame, projector transition, or repeated earlier slide; spoken content is retained in the teacher-voice ledger and prose
548	recording@01:00:20	optional	r	Q&A speaker-only frame, projector transition, or repeated earlier slide; spoken content is retained in the teacher-voice ledger and prose
549	recording@01:00:21	optional	5 . tanford	Q&A speaker-only frame, projector transition, or repeated earlier slide; spoken content is retained in the teacher-voice ledger and prose
550	recording@01:00:22	optional	Zia i	Q&A speaker-only frame, projector transition, or repeated earlier slide; spoken content is retained in the teacher-voice ledger and prose
551	recording@01:00:24	optional	Cais	Q&A speaker-only frame, projector transition, or repeated earlier slide; spoken content is retained in the teacher-voice ledger and prose
552	recording@01:00:25	optional	-	Q&A speaker-only frame, projector transition, or repeated earlier slide; spoken content is retained in the teacher-voice ledger and prose
553	recording@01:00:29	optional	& .	Q&A speaker-only frame, projector transition, or repeated earlier slide; spoken content is retained in the teacher-voice ledger and prose
554	recording@01:00:30	optional	> a) _) anford	Q&A speaker-only frame, projector transition, or repeated earlier slide; spoken content is retained in the teacher-voice ledger and prose
555	recording@01:00:31	optional	’	Q&A speaker-only frame, projector transition, or repeated earlier slide; spoken content is retained in the teacher-voice ledger and prose
556	recording@01:00:32	optional	z 1	Q&A speaker-only frame, projector transition, or repeated earlier slide; spoken content is retained in the teacher-voice ledger and prose
557	recording@01:00:33	optional	= ee	Q&A speaker-only frame, projector transition, or repeated earlier slide; spoken content is retained in the teacher-voice ledger and prose
558	recording@01:00:34	optional	$$ ome SA —$—— : : ——	Q&A speaker-only frame, projector transition, or repeated earlier slide; spoken content is retained in the teacher-voice ledger and prose
559	recording@01:00:35	optional	——————— ——— li	Q&A speaker-only frame, projector transition, or repeated earlier slide; spoken content is retained in the teacher-voice ledger and prose
560	recording@01:00:36	optional	is 2 anford	Q&A speaker-only frame, projector transition, or repeated earlier slide; spoken content is retained in the teacher-voice ledger and prose
561	recording@01:00:48	optional	—— ~~ a	Q&A speaker-only frame, projector transition, or repeated earlier slide; spoken content is retained in the teacher-voice ledger and prose
562	recording@01:01:29	optional	Data	Q&A speaker-only frame, projector transition, or repeated earlier slide; spoken content is retained in the teacher-voice ledger and prose
563	recording@01:01:34	optional	i 2 } anford	Q&A speaker-only frame, projector transition, or repeated earlier slide; spoken content is retained in the teacher-voice ledger and prose
564	recording@01:01:35	optional	ie.	Q&A speaker-only frame, projector transition, or repeated earlier slide; spoken content is retained in the teacher-voice ledger and prose
565	recording@01:01:36	optional	__-am	Q&A speaker-only frame, projector transition, or repeated earlier slide; spoken content is retained in the teacher-voice ledger and prose
566	recording@01:01:37	optional	= i	Q&A speaker-only frame, projector transition, or repeated earlier slide; spoken content is retained in the teacher-voice ledger and prose
567	recording@01:01:38	optional	Transition, speaker, or repeated video micro-state	Q&A speaker-only frame, projector transition, or repeated earlier slide; spoken content is retained in the teacher-voice ledger and prose
568	recording@01:01:39	optional	Transition, speaker, or repeated video micro-state	Q&A speaker-only frame, projector transition, or repeated earlier slide; spoken content is retained in the teacher-voice ledger and prose
569	recording@01:01:40	optional	Transition, speaker, or repeated video micro-state	Q&A speaker-only frame, projector transition, or repeated earlier slide; spoken content is retained in the teacher-voice ledger and prose
570	recording@01:01:41	optional	(hey 7	Q&A speaker-only frame, projector transition, or repeated earlier slide; spoken content is retained in the teacher-voice ledger and prose
571	recording@01:01:42	optional	. SE il	Q&A speaker-only frame, projector transition, or repeated earlier slide; spoken content is retained in the teacher-voice ledger and prose
572	recording@01:01:43	optional	". : "") a..."	Q&A speaker-only frame, projector transition, or repeated earlier slide; spoken content is retained in the teacher-voice ledger and prose
573	recording@01:01:44	optional	: — J	Q&A speaker-only frame, projector transition, or repeated earlier slide; spoken content is retained in the teacher-voice ledger and prose
574	recording@01:01:47	optional	.	Q&A speaker-only frame, projector transition, or repeated earlier slide; spoken content is retained in the teacher-voice ledger and prose
575	recording@01:01:52	optional	“ti	Q&A speaker-only frame, projector transition, or repeated earlier slide; spoken content is retained in the teacher-voice ledger and prose
576	recording@01:01:53	optional	—— _ a = ld	Q&A speaker-only frame, projector transition, or repeated earlier slide; spoken content is retained in the teacher-voice ledger and prose
577	recording@01:01:54	optional	i	Q&A speaker-only frame, projector transition, or repeated earlier slide; spoken content is retained in the teacher-voice ledger and prose
578	recording@01:01:55	optional	=	Q&A speaker-only frame, projector transition, or repeated earlier slide; spoken content is retained in the teacher-voice ledger and prose
579	recording@01:01:56	optional	a	Q&A speaker-only frame, projector transition, or repeated earlier slide; spoken content is retained in the teacher-voice ledger and prose
580	recording@01:01:57	optional	Transition, speaker, or repeated video micro-state	Q&A speaker-only frame, projector transition, or repeated earlier slide; spoken content is retained in the teacher-voice ledger and prose
581	recording@01:01:59	optional	1 f	Q&A speaker-only frame, projector transition, or repeated earlier slide; spoken content is retained in the teacher-voice ledger and prose
582	recording@01:02:00	optional		Q&A speaker-only frame, projector transition, or repeated earlier slide; spoken content is retained in the teacher-voice ledger and prose
583	recording@01:02:01	optional	:	Q&A speaker-only frame, projector transition, or repeated earlier slide; spoken content is retained in the teacher-voice ledger and prose
584	recording@01:02:02	optional	iS lb	Q&A speaker-only frame, projector transition, or repeated earlier slide; spoken content is retained in the teacher-voice ledger and prose
585	recording@01:02:03	optional	7 = 4 \	Q&A speaker-only frame, projector transition, or repeated earlier slide; spoken content is retained in the teacher-voice ledger and prose
586	recording@01:02:04	optional	we	Q&A speaker-only frame, projector transition, or repeated earlier slide; spoken content is retained in the teacher-voice ledger and prose
587	recording@01:02:05	optional	Chis ia	Q&A speaker-only frame, projector transition, or repeated earlier slide; spoken content is retained in the teacher-voice ledger and prose
588	recording@01:02:06	optional	gee i	Q&A speaker-only frame, projector transition, or repeated earlier slide; spoken content is retained in the teacher-voice ledger and prose
589	recording@01:02:07	optional	. y	Q&A speaker-only frame, projector transition, or repeated earlier slide; spoken content is retained in the teacher-voice ledger and prose
590	recording@01:02:12	optional	4	Q&A speaker-only frame, projector transition, or repeated earlier slide; spoken content is retained in the teacher-voice ledger and prose
591	recording@01:02:13	optional	= i itanford	Q&A speaker-only frame, projector transition, or repeated earlier slide; spoken content is retained in the teacher-voice ledger and prose
592	recording@01:02:14	optional	ey	Q&A speaker-only frame, projector transition, or repeated earlier slide; spoken content is retained in the teacher-voice ledger and prose
593	recording@01:02:15	optional	Transition, speaker, or repeated video micro-state	Q&A speaker-only frame, projector transition, or repeated earlier slide; spoken content is retained in the teacher-voice ledger and prose
594	recording@01:02:16	optional	7, me	Q&A speaker-only frame, projector transition, or repeated earlier slide; spoken content is retained in the teacher-voice ledger and prose
595	recording@01:02:18	optional	—l	Q&A speaker-only frame, projector transition, or repeated earlier slide; spoken content is retained in the teacher-voice ledger and prose
596	recording@01:02:19	optional	Pm 7	Q&A speaker-only frame, projector transition, or repeated earlier slide; spoken content is retained in the teacher-voice ledger and prose
597	recording@01:02:20	optional	Ss) oo a ‘a	Q&A speaker-only frame, projector transition, or repeated earlier slide; spoken content is retained in the teacher-voice ledger and prose
598	recording@01:02:21	optional	Transition, speaker, or repeated video micro-state	Q&A speaker-only frame, projector transition, or repeated earlier slide; spoken content is retained in the teacher-voice ledger and prose
599	recording@01:02:22	optional	&	Q&A speaker-only frame, projector transition, or repeated earlier slide; spoken content is retained in the teacher-voice ledger and prose
600	recording@01:02:23	optional	— ao	Q&A speaker-only frame, projector transition, or repeated earlier slide; spoken content is retained in the teacher-voice ledger and prose
601	recording@01:02:24	optional	=	Q&A speaker-only frame, projector transition, or repeated earlier slide; spoken content is retained in the teacher-voice ledger and prose
602	recording@01:02:28	optional	.	Q&A speaker-only frame, projector transition, or repeated earlier slide; spoken content is retained in the teacher-voice ledger and prose
603	recording@01:02:32	optional		Q&A speaker-only frame, projector transition, or repeated earlier slide; spoken content is retained in the teacher-voice ledger and prose
604	recording@01:02:34	optional	hs : > A...	Q&A speaker-only frame, projector transition, or repeated earlier slide; spoken content is retained in the teacher-voice ledger and prose
605	recording@01:02:35	optional	———————— —— li	Q&A speaker-only frame, projector transition, or repeated earlier slide; spoken content is retained in the teacher-voice ledger and prose
606	recording@01:02:36	optional		Q&A speaker-only frame, projector transition, or repeated earlier slide; spoken content is retained in the teacher-voice ledger and prose
607	recording@01:02:37	optional	=	Q&A speaker-only frame, projector transition, or repeated earlier slide; spoken content is retained in the teacher-voice ledger and prose
608	recording@01:02:38	optional	ae	Q&A speaker-only frame, projector transition, or repeated earlier slide; spoken content is retained in the teacher-voice ledger and prose
609	recording@01:02:39	optional	- ch :	Q&A speaker-only frame, projector transition, or repeated earlier slide; spoken content is retained in the teacher-voice ledger and prose
610	recording@01:02:40	optional	= pe W...	Q&A speaker-only frame, projector transition, or repeated earlier slide; spoken content is retained in the teacher-voice ledger and prose
611	recording@01:02:41	optional	.—	Q&A speaker-only frame, projector transition, or repeated earlier slide; spoken content is retained in the teacher-voice ledger and prose
612	recording@01:02:42	optional	Transition, speaker, or repeated video micro-state	Q&A speaker-only frame, projector transition, or repeated earlier slide; spoken content is retained in the teacher-voice ledger and prose
613	recording@01:02:43	optional	¢	Q&A speaker-only frame, projector transition, or repeated earlier slide; spoken content is retained in the teacher-voice ledger and prose
614	recording@01:02:44	optional	Transition, speaker, or repeated video micro-state	Q&A speaker-only frame, projector transition, or repeated earlier slide; spoken content is retained in the teacher-voice ledger and prose
615	recording@01:02:45	optional		Q&A speaker-only frame, projector transition, or repeated earlier slide; spoken content is retained in the teacher-voice ledger and prose
616	recording@01:02:46	optional	— i	Q&A speaker-only frame, projector transition, or repeated earlier slide; spoken content is retained in the teacher-voice ledger and prose
617	recording@01:02:47	optional	—	Q&A speaker-only frame, projector transition, or repeated earlier slide; spoken content is retained in the teacher-voice ledger and prose
618	recording@01:02:49	optional	————————— \— ———	Q&A speaker-only frame, projector transition, or repeated earlier slide; spoken content is retained in the teacher-voice ledger and prose
619	recording@01:02:50	optional	i	Q&A speaker-only frame, projector transition, or repeated earlier slide; spoken content is retained in the teacher-voice ledger and prose
620	recording@01:02:56	optional	Data	Q&A speaker-only frame, projector transition, or repeated earlier slide; spoken content is retained in the teacher-voice ledger and prose
621	recording@01:02:58	optional	— 4 f	Q&A speaker-only frame, projector transition, or repeated earlier slide; spoken content is retained in the teacher-voice ledger and prose
622	recording@01:02:59	optional	:	Q&A speaker-only frame, projector transition, or repeated earlier slide; spoken content is retained in the teacher-voice ledger and prose
623	recording@01:03:01	optional	i i]	Q&A speaker-only frame, projector transition, or repeated earlier slide; spoken content is retained in the teacher-voice ledger and prose
624	recording@01:03:02	optional	SS iP	Q&A speaker-only frame, projector transition, or repeated earlier slide; spoken content is retained in the teacher-voice ledger and prose
625	recording@01:03:03	optional	eo)	Q&A speaker-only frame, projector transition, or repeated earlier slide; spoken content is retained in the teacher-voice ledger and prose
626	recording@01:03:04	optional	———	Q&A speaker-only frame, projector transition, or repeated earlier slide; spoken content is retained in the teacher-voice ledger and prose
627	recording@01:03:05	optional	=¢—	Q&A speaker-only frame, projector transition, or repeated earlier slide; spoken content is retained in the teacher-voice ledger and prose
628	recording@01:03:06	optional	4—L	Q&A speaker-only frame, projector transition, or repeated earlier slide; spoken content is retained in the teacher-voice ledger and prose
629	recording@01:03:07	optional	Transition, speaker, or repeated video micro-state	Q&A speaker-only frame, projector transition, or repeated earlier slide; spoken content is retained in the teacher-voice ledger and prose
630	recording@01:03:08	optional	ii a = _	Q&A speaker-only frame, projector transition, or repeated earlier slide; spoken content is retained in the teacher-voice ledger and prose
631	recording@01:03:09	optional	Gis itanford	Q&A speaker-only frame, projector transition, or repeated earlier slide; spoken content is retained in the teacher-voice ledger and prose
632	recording@01:03:10	optional	.	Q&A speaker-only frame, projector transition, or repeated earlier slide; spoken content is retained in the teacher-voice ledger and prose
633	recording@01:03:11	optional	— : i	Q&A speaker-only frame, projector transition, or repeated earlier slide; spoken content is retained in the teacher-voice ledger and prose
634	recording@01:03:14	optional	r:	Q&A speaker-only frame, projector transition, or repeated earlier slide; spoken content is retained in the teacher-voice ledger and prose
635	recording@01:03:15	optional	——$_______ —_	Q&A speaker-only frame, projector transition, or repeated earlier slide; spoken content is retained in the teacher-voice ledger and prose
636	recording@01:03:17	optional	i ag ¥ Stanford	Q&A speaker-only frame, projector transition, or repeated earlier slide; spoken content is retained in the teacher-voice ledger and prose
637	recording@01:04:47	optional	Full architecture	Q&A speaker-only frame, projector transition, or repeated earlier slide; spoken content is retained in the teacher-voice ledger and prose
638	recording@01:04:55	optional	Full architecture	Q&A speaker-only frame, projector transition, or repeated earlier slide; spoken content is retained in the teacher-voice ledger and prose
639	recording@01:04:56	optional	¥ 9	Q&A speaker-only frame, projector transition, or repeated earlier slide; spoken content is retained in the teacher-voice ledger and prose
640	recording@01:04:59	optional	: ——— I	Q&A speaker-only frame, projector transition, or repeated earlier slide; spoken content is retained in the teacher-voice ledger and prose
641	recording@01:05:00	optional	— ]	Q&A speaker-only frame, projector transition, or repeated earlier slide; spoken content is retained in the teacher-voice ledger and prose
642	recording@01:05:01	optional	$l	Q&A speaker-only frame, projector transition, or repeated earlier slide; spoken content is retained in the teacher-voice ledger and prose
643	recording@01:05:02	optional	f	Q&A speaker-only frame, projector transition, or repeated earlier slide; spoken content is retained in the teacher-voice ledger and prose
644	recording@01:05:03	optional	i	Q&A speaker-only frame, projector transition, or repeated earlier slide; spoken content is retained in the teacher-voice ledger and prose
645	recording@01:05:04	optional	A. -	Q&A speaker-only frame, projector transition, or repeated earlier slide; spoken content is retained in the teacher-voice ledger and prose
646	recording@01:05:05	optional	Transition, speaker, or repeated video micro-state	Q&A speaker-only frame, projector transition, or repeated earlier slide; spoken content is retained in the teacher-voice ledger and prose
647	recording@01:05:06	optional	Transition, speaker, or repeated video micro-state	Q&A speaker-only frame, projector transition, or repeated earlier slide; spoken content is retained in the teacher-voice ledger and prose
648	recording@01:05:07	optional	4 4]	Q&A speaker-only frame, projector transition, or repeated earlier slide; spoken content is retained in the teacher-voice ledger and prose
649	recording@01:05:17	optional	1 NZ. = .	Q&A speaker-only frame, projector transition, or repeated earlier slide; spoken content is retained in the teacher-voice ledger and prose
650	recording@01:05:18	optional	4 ae	Q&A speaker-only frame, projector transition, or repeated earlier slide; spoken content is retained in the teacher-voice ledger and prose
651	recording@01:05:20	optional	el	Q&A speaker-only frame, projector transition, or repeated earlier slide; spoken content is retained in the teacher-voice ledger and prose
652	recording@01:05:21	optional	i	Q&A speaker-only frame, projector transition, or repeated earlier slide; spoken content is retained in the teacher-voice ledger and prose
653	recording@01:05:22	optional		Q&A speaker-only frame, projector transition, or repeated earlier slide; spoken content is retained in the teacher-voice ledger and prose
654	recording@01:05:25	optional	:	Q&A speaker-only frame, projector transition, or repeated earlier slide; spoken content is retained in the teacher-voice ledger and prose
655	recording@01:05:26	optional	_ — ]	Q&A speaker-only frame, projector transition, or repeated earlier slide; spoken content is retained in the teacher-voice ledger and prose
656	recording@01:05:27	optional	I	Q&A speaker-only frame, projector transition, or repeated earlier slide; spoken content is retained in the teacher-voice ledger and prose
657	recording@01:05:28	optional	Transition, speaker, or repeated video micro-state	Q&A speaker-only frame, projector transition, or repeated earlier slide; spoken content is retained in the teacher-voice ledger and prose
658	recording@01:05:29	optional	Transition, speaker, or repeated video micro-state	Q&A speaker-only frame, projector transition, or repeated earlier slide; spoken content is retained in the teacher-voice ledger and prose
659	recording@01:05:30	optional	Transition, speaker, or repeated video micro-state	Q&A speaker-only frame, projector transition, or repeated earlier slide; spoken content is retained in the teacher-voice ledger and prose
660	recording@01:05:31	optional	Bs 2!	Q&A speaker-only frame, projector transition, or repeated earlier slide; spoken content is retained in the teacher-voice ledger and prose
661	recording@01:05:43	optional		Q&A speaker-only frame, projector transition, or repeated earlier slide; spoken content is retained in the teacher-voice ledger and prose
662	recording@01:05:44	optional	e i	Q&A speaker-only frame, projector transition, or repeated earlier slide; spoken content is retained in the teacher-voice ledger and prose
663	recording@01:05:45	optional	:	Q&A speaker-only frame, projector transition, or repeated earlier slide; spoken content is retained in the teacher-voice ledger and prose
664	recording@01:05:46	optional	Transition, speaker, or repeated video micro-state	Q&A speaker-only frame, projector transition, or repeated earlier slide; spoken content is retained in the teacher-voice ledger and prose
665	recording@01:05:54	optional	el	Q&A speaker-only frame, projector transition, or repeated earlier slide; spoken content is retained in the teacher-voice ledger and prose
666	recording@01:05:55	optional	Ne ——	Q&A speaker-only frame, projector transition, or repeated earlier slide; spoken content is retained in the teacher-voice ledger and prose
667	recording@01:05:56	optional	Transition, speaker, or repeated video micro-state	Q&A speaker-only frame, projector transition, or repeated earlier slide; spoken content is retained in the teacher-voice ledger and prose
668	recording@01:05:57	optional	_ € .	Q&A speaker-only frame, projector transition, or repeated earlier slide; spoken content is retained in the teacher-voice ledger and prose
669	recording@01:05:58	optional	i =]	Q&A speaker-only frame, projector transition, or repeated earlier slide; spoken content is retained in the teacher-voice ledger and prose
670	recording@01:05:59	optional	1	Q&A speaker-only frame, projector transition, or repeated earlier slide; spoken content is retained in the teacher-voice ledger and prose
671	recording@01:06:18	optional	4	Q&A speaker-only frame, projector transition, or repeated earlier slide; spoken content is retained in the teacher-voice ledger and prose
672	recording@01:06:19	optional	yp RB.	Q&A speaker-only frame, projector transition, or repeated earlier slide; spoken content is retained in the teacher-voice ledger and prose
673	recording@01:06:20	optional	Transition, speaker, or repeated video micro-state	Q&A speaker-only frame, projector transition, or repeated earlier slide; spoken content is retained in the teacher-voice ledger and prose
674	recording@01:06:21	optional	r.	Q&A speaker-only frame, projector transition, or repeated earlier slide; spoken content is retained in the teacher-voice ledger and prose
675	recording@01:06:22	optional	4!	Q&A speaker-only frame, projector transition, or repeated earlier slide; spoken content is retained in the teacher-voice ledger and prose
676	recording@01:06:23	optional	I	Q&A speaker-only frame, projector transition, or repeated earlier slide; spoken content is retained in the teacher-voice ledger and prose
677	recording@01:06:25	optional	Transition, speaker, or repeated video micro-state	Q&A speaker-only frame, projector transition, or repeated earlier slide; spoken content is retained in the teacher-voice ledger and prose
678	recording@01:06:26	optional		Q&A speaker-only frame, projector transition, or repeated earlier slide; spoken content is retained in the teacher-voice ledger and prose
679	recording@01:06:27	optional	<7	Q&A speaker-only frame, projector transition, or repeated earlier slide; spoken content is retained in the teacher-voice ledger and prose
680	recording@01:06:28	optional	- = —	Q&A speaker-only frame, projector transition, or repeated earlier slide; spoken content is retained in the teacher-voice ledger and prose
681	recording@01:06:29	optional	a	Q&A speaker-only frame, projector transition, or repeated earlier slide; spoken content is retained in the teacher-voice ledger and prose
682	recording@01:06:30	optional	Transition, speaker, or repeated video micro-state	Q&A speaker-only frame, projector transition, or repeated earlier slide; spoken content is retained in the teacher-voice ledger and prose
683	recording@01:06:31	optional	ar r	Q&A speaker-only frame, projector transition, or repeated earlier slide; spoken content is retained in the teacher-voice ledger and prose
684	recording@01:06:33	optional	— v !	Q&A speaker-only frame, projector transition, or repeated earlier slide; spoken content is retained in the teacher-voice ledger and prose
685	recording@01:06:37	optional	Transition, speaker, or repeated video micro-state	Q&A speaker-only frame, projector transition, or repeated earlier slide; spoken content is retained in the teacher-voice ledger and prose
686	recording@01:06:38	optional	Ee :	Q&A speaker-only frame, projector transition, or repeated earlier slide; spoken content is retained in the teacher-voice ledger and prose
687	recording@01:06:43	optional	= R- =	Q&A speaker-only frame, projector transition, or repeated earlier slide; spoken content is retained in the teacher-voice ledger and prose
688	recording@01:06:44	optional	4	Q&A speaker-only frame, projector transition, or repeated earlier slide; spoken content is retained in the teacher-voice ledger and prose
689	recording@01:06:45	optional		Q&A speaker-only frame, projector transition, or repeated earlier slide; spoken content is retained in the teacher-voice ledger and prose
690	recording@01:06:48	optional		Q&A speaker-only frame, projector transition, or repeated earlier slide; spoken content is retained in the teacher-voice ledger and prose
691	recording@01:07:07	optional	Transition, speaker, or repeated video micro-state	Q&A speaker-only frame, projector transition, or repeated earlier slide; spoken content is retained in the teacher-voice ledger and prose
692	recording@01:07:38	optional		Q&A speaker-only frame, projector transition, or repeated earlier slide; spoken content is retained in the teacher-voice ledger and prose
693	recording@01:07:39	optional	.- — :	Q&A speaker-only frame, projector transition, or repeated earlier slide; spoken content is retained in the teacher-voice ledger and prose
694	recording@01:07:40	optional	Transition, speaker, or repeated video micro-state	Q&A speaker-only frame, projector transition, or repeated earlier slide; spoken content is retained in the teacher-voice ledger and prose
695	recording@01:07:41	optional	Transition, speaker, or repeated video micro-state	Q&A speaker-only frame, projector transition, or repeated earlier slide; spoken content is retained in the teacher-voice ledger and prose
696	recording@01:07:50	optional	SS	Q&A speaker-only frame, projector transition, or repeated earlier slide; spoken content is retained in the teacher-voice ledger and prose
697	recording@01:07:54	optional		Q&A speaker-only frame, projector transition, or repeated earlier slide; spoken content is retained in the teacher-voice ledger and prose
698	recording@01:07:57	optional	flow matching - training	Q&A speaker-only frame, projector transition, or repeated earlier slide; spoken content is retained in the teacher-voice ledger and prose
699	recording@01:08:06	optional	Movie Gen Representation	Q&A speaker-only frame, projector transition, or repeated earlier slide; spoken content is retained in the teacher-voice ledger and prose
700	recording@01:09:21	optional	Movie Gen Representation	Q&A speaker-only frame, projector transition, or repeated earlier slide; spoken content is retained in the teacher-voice ledger and prose
701	recording@01:09:22	optional	Movie Gen Representation	Q&A speaker-only frame, projector transition, or repeated earlier slide; spoken content is retained in the teacher-voice ledger and prose
702	recording@01:09:23	optional	flow matching: a simpler gener@lization of diffusion	Q&A speaker-only frame, projector transition, or repeated earlier slide; spoken content is retained in the teacher-voice ledger and prose
703	recording@01:09:26	optional	Movie Gen Architecture	Q&A speaker-only frame, projector transition, or repeated earlier slide; spoken content is retained in the teacher-voice ledger and prose
704	recording@01:09:40	optional	Full architecture	Q&A speaker-only frame, projector transition, or repeated earlier slide; spoken content is retained in the teacher-voice ledger and prose
705	recording@01:09:46	optional	— oe	Q&A speaker-only frame, projector transition, or repeated earlier slide; spoken content is retained in the teacher-voice ledger and prose
706	recording@01:09:47	optional	; : ia	Q&A speaker-only frame, projector transition, or repeated earlier slide; spoken content is retained in the teacher-voice ledger and prose
707	recording@01:09:50	optional	—*hT	Q&A speaker-only frame, projector transition, or repeated earlier slide; spoken content is retained in the teacher-voice ledger and prose
708	recording@01:09:51	optional	Transition, speaker, or repeated video micro-state	Q&A speaker-only frame, projector transition, or repeated earlier slide; spoken content is retained in the teacher-voice ledger and prose
709	recording@01:09:52	optional	<	Q&A speaker-only frame, projector transition, or repeated earlier slide; spoken content is retained in the teacher-voice ledger and prose
710	recording@01:10:02	optional	Transition, speaker, or repeated video micro-state	Q&A speaker-only frame, projector transition, or repeated earlier slide; spoken content is retained in the teacher-voice ledger and prose
711	recording@01:10:03	optional	—	Q&A speaker-only frame, projector transition, or repeated earlier slide; spoken content is retained in the teacher-voice ledger and prose
712	recording@01:10:04	optional	Transition, speaker, or repeated video micro-state	Q&A speaker-only frame, projector transition, or repeated earlier slide; spoken content is retained in the teacher-voice ledger and prose
713	recording@01:10:11	optional	Transition, speaker, or repeated video micro-state	Q&A speaker-only frame, projector transition, or repeated earlier slide; spoken content is retained in the teacher-voice ledger and prose
714	recording@01:10:12	optional	—$—	Q&A speaker-only frame, projector transition, or repeated earlier slide; spoken content is retained in the teacher-voice ledger and prose
715	recording@01:10:13	optional	-6—	Q&A speaker-only frame, projector transition, or repeated earlier slide; spoken content is retained in the teacher-voice ledger and prose
716	recording@01:10:14	optional	——o	Q&A speaker-only frame, projector transition, or repeated earlier slide; spoken content is retained in the teacher-voice ledger and prose
717	recording@01:10:17	optional	2—D	Q&A speaker-only frame, projector transition, or repeated earlier slide; spoken content is retained in the teacher-voice ledger and prose
718	recording@01:10:18	optional	2—D	Q&A speaker-only frame, projector transition, or repeated earlier slide; spoken content is retained in the teacher-voice ledger and prose
719	recording@01:10:19	optional	4—L	Q&A speaker-only frame, projector transition, or repeated earlier slide; spoken content is retained in the teacher-voice ledger and prose
720	recording@01:10:20	optional	> -	Q&A speaker-only frame, projector transition, or repeated earlier slide; spoken content is retained in the teacher-voice ledger and prose
721	recording@01:10:21	optional	Transition, speaker, or repeated video micro-state	Q&A speaker-only frame, projector transition, or repeated earlier slide; spoken content is retained in the teacher-voice ledger and prose
722	recording@01:10:22	optional	Transition, speaker, or repeated video micro-state	Q&A speaker-only frame, projector transition, or repeated earlier slide; spoken content is retained in the teacher-voice ledger and prose
723	recording@01:10:24	optional	Transition, speaker, or repeated video micro-state	Q&A speaker-only frame, projector transition, or repeated earlier slide; spoken content is retained in the teacher-voice ledger and prose
724	recording@01:10:25	optional	:	Q&A speaker-only frame, projector transition, or repeated earlier slide; spoken content is retained in the teacher-voice ledger and prose
725	recording@01:10:26	optional	4	Q&A speaker-only frame, projector transition, or repeated earlier slide; spoken content is retained in the teacher-voice ledger and prose
726	recording@01:10:27	optional	= =D	Q&A speaker-only frame, projector transition, or repeated earlier slide; spoken content is retained in the teacher-voice ledger and prose
727	recording@01:10:28	optional	@&	Q&A speaker-only frame, projector transition, or repeated earlier slide; spoken content is retained in the teacher-voice ledger and prose
728	recording@01:10:29	optional	ot	Q&A speaker-only frame, projector transition, or repeated earlier slide; spoken content is retained in the teacher-voice ledger and prose
729	recording@01:10:32	optional	6—EP	Q&A speaker-only frame, projector transition, or repeated earlier slide; spoken content is retained in the teacher-voice ledger and prose
730	recording@01:10:33	optional	7 li	Q&A speaker-only frame, projector transition, or repeated earlier slide; spoken content is retained in the teacher-voice ledger and prose
731	recording@01:10:34	optional	.. a BD	Q&A speaker-only frame, projector transition, or repeated earlier slide; spoken content is retained in the teacher-voice ledger and prose
732	recording@01:10:35	optional	Transition, speaker, or repeated video micro-state	Q&A speaker-only frame, projector transition, or repeated earlier slide; spoken content is retained in the teacher-voice ledger and prose
733	recording@01:10:36	optional	-—D	Q&A speaker-only frame, projector transition, or repeated earlier slide; spoken content is retained in the teacher-voice ledger and prose
734	recording@01:10:37	optional	7	Q&A speaker-only frame, projector transition, or repeated earlier slide; spoken content is retained in the teacher-voice ledger and prose
735	recording@01:10:38	optional	+ )_.	Q&A speaker-only frame, projector transition, or repeated earlier slide; spoken content is retained in the teacher-voice ledger and prose
736	recording@01:10:39	optional	=e0	Q&A speaker-only frame, projector transition, or repeated earlier slide; spoken content is retained in the teacher-voice ledger and prose
737	recording@01:10:41	optional	Transition, speaker, or repeated video micro-state	Q&A speaker-only frame, projector transition, or repeated earlier slide; spoken content is retained in the teacher-voice ledger and prose
738	recording@01:11:42	optional	Full architecture	Q&A speaker-only frame, projector transition, or repeated earlier slide; spoken content is retained in the teacher-voice ledger and prose
739	recording@01:11:44	optional	Data	Q&A speaker-only frame, projector transition, or repeated earlier slide; spoken content is retained in the teacher-voice ledger and prose
740	recording@01:11:50	optional	— th	Q&A speaker-only frame, projector transition, or repeated earlier slide; spoken content is retained in the teacher-voice ledger and prose
741	recording@01:11:51	optional	ay	Q&A speaker-only frame, projector transition, or repeated earlier slide; spoken content is retained in the teacher-voice ledger and prose
742	recording@01:11:52	optional	—<¢«L	Q&A speaker-only frame, projector transition, or repeated earlier slide; spoken content is retained in the teacher-voice ledger and prose
743	recording@01:11:55	optional	7 — ,	Q&A speaker-only frame, projector transition, or repeated earlier slide; spoken content is retained in the teacher-voice ledger and prose
744	recording@01:11:56	optional	a	Q&A speaker-only frame, projector transition, or repeated earlier slide; spoken content is retained in the teacher-voice ledger and prose
745	recording@01:11:59	optional	ge,	Q&A speaker-only frame, projector transition, or repeated earlier slide; spoken content is retained in the teacher-voice ledger and prose
746	recording@01:12:01	optional	~~ 5.	Q&A speaker-only frame, projector transition, or repeated earlier slide; spoken content is retained in the teacher-voice ledger and prose
747	recording@01:12:04	optional	(oe	Q&A speaker-only frame, projector transition, or repeated earlier slide; spoken content is retained in the teacher-voice ledger and prose
748	recording@01:12:05	optional	ex i =	Q&A speaker-only frame, projector transition, or repeated earlier slide; spoken content is retained in the teacher-voice ledger and prose
749	recording@01:12:06	optional	Transition, speaker, or repeated video micro-state	Q&A speaker-only frame, projector transition, or repeated earlier slide; spoken content is retained in the teacher-voice ledger and prose
750	recording@01:12:07	optional	3	Q&A speaker-only frame, projector transition, or repeated earlier slide; spoken content is retained in the teacher-voice ledger and prose
751	recording@01:12:08	optional	; ii	Q&A speaker-only frame, projector transition, or repeated earlier slide; spoken content is retained in the teacher-voice ledger and prose
752	recording@01:12:10	optional	ora	Q&A speaker-only frame, projector transition, or repeated earlier slide; spoken content is retained in the teacher-voice ledger and prose
753	recording@01:12:11	optional	Transition, speaker, or repeated video micro-state	Q&A speaker-only frame, projector transition, or repeated earlier slide; spoken content is retained in the teacher-voice ledger and prose
754	recording@01:12:28	optional	’ Pp	Q&A speaker-only frame, projector transition, or repeated earlier slide; spoken content is retained in the teacher-voice ledger and prose
755	recording@01:12:35	optional	=	Q&A speaker-only frame, projector transition, or repeated earlier slide; spoken content is retained in the teacher-voice ledger and prose
756	recording@01:12:43	optional	— — €	Q&A speaker-only frame, projector transition, or repeated earlier slide; spoken content is retained in the teacher-voice ledger and prose
757	recording@01:12:44	optional	73 =)	Q&A speaker-only frame, projector transition, or repeated earlier slide; spoken content is retained in the teacher-voice ledger and prose
758	recording@01:12:45	optional	Transition, speaker, or repeated video micro-state	Q&A speaker-only frame, projector transition, or repeated earlier slide; spoken content is retained in the teacher-voice ledger and prose
759	recording@01:12:49	optional	Transition, speaker, or repeated video micro-state	Q&A speaker-only frame, projector transition, or repeated earlier slide; spoken content is retained in the teacher-voice ledger and prose
760	recording@01:12:50	optional	Transition, speaker, or repeated video micro-state	Q&A speaker-only frame, projector transition, or repeated earlier slide; spoken content is retained in the teacher-voice ledger and prose
761	recording@01:12:51	optional	i ees & in	Q&A speaker-only frame, projector transition, or repeated earlier slide; spoken content is retained in the teacher-voice ledger and prose
762	recording@01:12:53	optional	Transition, speaker, or repeated video micro-state	Q&A speaker-only frame, projector transition, or repeated earlier slide; spoken content is retained in the teacher-voice ledger and prose
763	recording@01:12:57	optional	Transition, speaker, or repeated video micro-state	Q&A speaker-only frame, projector transition, or repeated earlier slide; spoken content is retained in the teacher-voice ledger and prose
764	recording@01:13:00	optional	Transition, speaker, or repeated video micro-state	Q&A speaker-only frame, projector transition, or repeated earlier slide; spoken content is retained in the teacher-voice ledger and prose
765	recording@01:13:04	optional	Transition, speaker, or repeated video micro-state	Q&A speaker-only frame, projector transition, or repeated earlier slide; spoken content is retained in the teacher-voice ledger and prose
766	recording@01:13:05	optional		Q&A speaker-only frame, projector transition, or repeated earlier slide; spoken content is retained in the teacher-voice ledger and prose
767	recording@01:13:06	optional	; oo	Q&A speaker-only frame, projector transition, or repeated earlier slide; spoken content is retained in the teacher-voice ledger and prose
768	recording@01:13:07	optional	2	Q&A speaker-only frame, projector transition, or repeated earlier slide; spoken content is retained in the teacher-voice ledger and prose
769	recording@01:13:08	optional	Transition, speaker, or repeated video micro-state	Q&A speaker-only frame, projector transition, or repeated earlier slide; spoken content is retained in the teacher-voice ledger and prose
770	recording@01:13:09	optional	_— = 3 r	Q&A speaker-only frame, projector transition, or repeated earlier slide; spoken content is retained in the teacher-voice ledger and prose
771	recording@01:13:10	optional	—_¢.f	Q&A speaker-only frame, projector transition, or repeated earlier slide; spoken content is retained in the teacher-voice ledger and prose
772	recording@01:13:11	optional		Q&A speaker-only frame, projector transition, or repeated earlier slide; spoken content is retained in the teacher-voice ledger and prose
773	recording@01:13:15	optional	_ @	Q&A speaker-only frame, projector transition, or repeated earlier slide; spoken content is retained in the teacher-voice ledger and prose
774	recording@01:13:16	optional	7 . ; 1 ke	Q&A speaker-only frame, projector transition, or repeated earlier slide; spoken content is retained in the teacher-voice ledger and prose
775	recording@01:13:24	optional	"a : = "" ir"	Q&A speaker-only frame, projector transition, or repeated earlier slide; spoken content is retained in the teacher-voice ledger and prose
776	recording@01:13:25	optional	Transition, speaker, or repeated video micro-state	Q&A speaker-only frame, projector transition, or repeated earlier slide; spoken content is retained in the teacher-voice ledger and prose
777	recording@01:13:26	optional	Transition, speaker, or repeated video micro-state	Q&A speaker-only frame, projector transition, or repeated earlier slide; spoken content is retained in the teacher-voice ledger and prose
778	recording@01:13:28	optional	~	Q&A speaker-only frame, projector transition, or repeated earlier slide; spoken content is retained in the teacher-voice ledger and prose
779	recording@01:13:29	optional	Transition, speaker, or repeated video micro-state	Q&A speaker-only frame, projector transition, or repeated earlier slide; spoken content is retained in the teacher-voice ledger and prose
780	recording@01:13:34	optional	Stanford ENGINEERING	Q&A speaker-only frame, projector transition, or repeated earlier slide; spoken content is retained in the teacher-voice ledger and prose
