state	source	status	title	rationale
001	recording@00:00:04	optional	Stanford Engineering bumper	administrative opening bumper
002	recording@00:00:05	optional	Progressive or repeated recording state	superseded build, repeated state, demo micro-step, or lower-information moment; the retained state preserves the independent teaching point
003	recording@00:00:06	optional	Progressive or repeated recording state	superseded build, repeated state, demo micro-step, or lower-information moment; the retained state preserves the independent teaching point
004	recording@00:00:07	optional	Progressive or repeated recording state	superseded build, repeated state, demo micro-step, or lower-information moment; the retained state preserves the independent teaching point
005	recording@00:00:08	optional	Speaker or transition frame	speaker-only, transition, or low-information frame without independent visual teaching content
006	recording@00:00:09	optional	Progressive or repeated recording state	superseded build, repeated state, demo micro-step, or lower-information moment; the retained state preserves the independent teaching point
007	recording@00:00:10	optional	Speaker or transition frame	speaker-only, transition, or low-information frame without independent visual teaching content
008	recording@00:00:11	optional	Progressive or repeated recording state	superseded build, repeated state, demo micro-step, or lower-information moment; the retained state preserves the independent teaching point
009	recording@00:00:12	optional	Progressive or repeated recording state	superseded build, repeated state, demo micro-step, or lower-information moment; the retained state preserves the independent teaching point
010	slides-images/slide-01-title-advent-agi.jpg	required	The Advent of AGI title	independent teaching state retained from the official 1080p recording
011	recording@00:00:16	optional	Progressive or repeated recording state	superseded build, repeated state, demo micro-step, or lower-information moment; the retained state preserves the independent teaching point
012	recording@00:00:17	optional	Progressive or repeated recording state	superseded build, repeated state, demo micro-step, or lower-information moment; the retained state preserves the independent teaching point
013	recording@00:00:18	optional	Speaker or transition frame	speaker-only, transition, or low-information frame without independent visual teaching content
014	recording@00:00:19	optional	Speaker or transition frame	speaker-only, transition, or low-information frame without independent visual teaching content
015	recording@00:00:20	optional	Speaker or transition frame	speaker-only, transition, or low-information frame without independent visual teaching content
016	recording@00:00:21	optional	Speaker or transition frame	speaker-only, transition, or low-information frame without independent visual teaching content
017	recording@00:00:22	optional	Speaker or transition frame	speaker-only, transition, or low-information frame without independent visual teaching content
018	recording@00:00:23	optional	Speaker or transition frame	speaker-only, transition, or low-information frame without independent visual teaching content
019	recording@00:00:24	optional	Speaker or transition frame	speaker-only, transition, or low-information frame without independent visual teaching content
020	recording@00:00:25	optional	Speaker or transition frame	speaker-only, transition, or low-information frame without independent visual teaching content
021	recording@00:00:26	optional	Speaker or transition frame	speaker-only, transition, or low-information frame without independent visual teaching content
022	recording@00:00:27	optional	Progressive or repeated recording state	superseded build, repeated state, demo micro-step, or lower-information moment; the retained state preserves the independent teaching point
023	recording@00:00:28	optional	Speaker or transition frame	speaker-only, transition, or low-information frame without independent visual teaching content
024	recording@00:00:29	optional	Speaker or transition frame	speaker-only, transition, or low-information frame without independent visual teaching content
025	recording@00:00:30	optional	Speaker or transition frame	speaker-only, transition, or low-information frame without independent visual teaching content
026	recording@00:00:31	optional	Speaker or transition frame	speaker-only, transition, or low-information frame without independent visual teaching content
027	recording@00:00:32	optional	Progressive or repeated recording state	superseded build, repeated state, demo micro-step, or lower-information moment; the retained state preserves the independent teaching point
028	recording@00:00:33	optional	Speaker or transition frame	speaker-only, transition, or low-information frame without independent visual teaching content
029	recording@00:00:34	optional	Speaker or transition frame	speaker-only, transition, or low-information frame without independent visual teaching content
030	recording@00:00:35	optional	Progressive or repeated recording state	superseded build, repeated state, demo micro-step, or lower-information moment; the retained state preserves the independent teaching point
031	recording@00:00:36	optional	Speaker or transition frame	speaker-only, transition, or low-information frame without independent visual teaching content
032	recording@00:00:37	optional	Speaker or transition frame	speaker-only, transition, or low-information frame without independent visual teaching content
033	recording@00:00:38	optional	Speaker or transition frame	speaker-only, transition, or low-information frame without independent visual teaching content
034	recording@00:00:39	optional	Progressive or repeated recording state	superseded build, repeated state, demo micro-step, or lower-information moment; the retained state preserves the independent teaching point
035	recording@00:00:40	optional	Progressive or repeated recording state	superseded build, repeated state, demo micro-step, or lower-information moment; the retained state preserves the independent teaching point
036	recording@00:00:41	optional	Speaker or transition frame	speaker-only, transition, or low-information frame without independent visual teaching content
037	recording@00:00:42	optional	Progressive or repeated recording state	superseded build, repeated state, demo micro-step, or lower-information moment; the retained state preserves the independent teaching point
038	recording@00:00:43	optional	Speaker or transition frame	speaker-only, transition, or low-information frame without independent visual teaching content
039	recording@00:00:44	optional	Speaker or transition frame	speaker-only, transition, or low-information frame without independent visual teaching content
040	recording@00:00:45	optional	Speaker or transition frame	speaker-only, transition, or low-information frame without independent visual teaching content
041	recording@00:00:46	optional	Speaker or transition frame	speaker-only, transition, or low-information frame without independent visual teaching content
042	recording@00:00:47	optional	Speaker or transition frame	speaker-only, transition, or low-information frame without independent visual teaching content
043	recording@00:00:48	optional	Speaker or transition frame	speaker-only, transition, or low-information frame without independent visual teaching content
044	recording@00:00:49	optional	Speaker or transition frame	speaker-only, transition, or low-information frame without independent visual teaching content
045	recording@00:00:50	optional	Speaker or transition frame	speaker-only, transition, or low-information frame without independent visual teaching content
046	recording@00:00:51	optional	Speaker or transition frame	speaker-only, transition, or low-information frame without independent visual teaching content
047	recording@00:00:52	optional	Speaker or transition frame	speaker-only, transition, or low-information frame without independent visual teaching content
048	recording@00:00:53	optional	Speaker or transition frame	speaker-only, transition, or low-information frame without independent visual teaching content
049	recording@00:00:54	optional	Progressive or repeated recording state	superseded build, repeated state, demo micro-step, or lower-information moment; the retained state preserves the independent teaching point
050	recording@00:00:55	optional	Speaker or transition frame	speaker-only, transition, or low-information frame without independent visual teaching content
051	recording@00:00:56	optional	Progressive or repeated recording state	superseded build, repeated state, demo micro-step, or lower-information moment; the retained state preserves the independent teaching point
052	recording@00:00:57	optional	Progressive or repeated recording state	superseded build, repeated state, demo micro-step, or lower-information moment; the retained state preserves the independent teaching point
053	recording@00:00:58	optional	Progressive or repeated recording state	superseded build, repeated state, demo micro-step, or lower-information moment; the retained state preserves the independent teaching point
054	recording@00:00:59	optional	Progressive or repeated recording state	superseded build, repeated state, demo micro-step, or lower-information moment; the retained state preserves the independent teaching point
055	recording@00:01:00	optional	Progressive or repeated recording state	superseded build, repeated state, demo micro-step, or lower-information moment; the retained state preserves the independent teaching point
056	recording@00:01:01	optional	Progressive or repeated recording state	superseded build, repeated state, demo micro-step, or lower-information moment; the retained state preserves the independent teaching point
057	recording@00:01:02	optional	Progressive or repeated recording state	superseded build, repeated state, demo micro-step, or lower-information moment; the retained state preserves the independent teaching point
058	recording@00:01:03	optional	Progressive or repeated recording state	superseded build, repeated state, demo micro-step, or lower-information moment; the retained state preserves the independent teaching point
059	recording@00:01:04	optional	Progressive or repeated recording state	superseded build, repeated state, demo micro-step, or lower-information moment; the retained state preserves the independent teaching point
060	recording@00:01:05	optional	Progressive or repeated recording state	superseded build, repeated state, demo micro-step, or lower-information moment; the retained state preserves the independent teaching point
061	recording@00:01:06	optional	Progressive or repeated recording state	superseded build, repeated state, demo micro-step, or lower-information moment; the retained state preserves the independent teaching point
062	recording@00:01:07	optional	Speaker or transition frame	speaker-only, transition, or low-information frame without independent visual teaching content
063	recording@00:01:08	optional	Speaker or transition frame	speaker-only, transition, or low-information frame without independent visual teaching content
064	recording@00:01:09	optional	Speaker or transition frame	speaker-only, transition, or low-information frame without independent visual teaching content
065	recording@00:01:10	optional	Progressive or repeated recording state	superseded build, repeated state, demo micro-step, or lower-information moment; the retained state preserves the independent teaching point
066	recording@00:01:11	optional	Speaker or transition frame	speaker-only, transition, or low-information frame without independent visual teaching content
067	recording@00:01:12	optional	Speaker or transition frame	speaker-only, transition, or low-information frame without independent visual teaching content
068	recording@00:01:13	optional	Speaker or transition frame	speaker-only, transition, or low-information frame without independent visual teaching content
069	recording@00:01:14	optional	Speaker or transition frame	speaker-only, transition, or low-information frame without independent visual teaching content
070	recording@00:01:15	optional	Speaker or transition frame	speaker-only, transition, or low-information frame without independent visual teaching content
071	recording@00:01:16	optional	Progressive or repeated recording state	superseded build, repeated state, demo micro-step, or lower-information moment; the retained state preserves the independent teaching point
072	recording@00:01:17	optional	Speaker or transition frame	speaker-only, transition, or low-information frame without independent visual teaching content
073	recording@00:01:18	optional	Progressive or repeated recording state	superseded build, repeated state, demo micro-step, or lower-information moment; the retained state preserves the independent teaching point
074	recording@00:01:19	optional	Speaker or transition frame	speaker-only, transition, or low-information frame without independent visual teaching content
075	recording@00:01:20	optional	Speaker or transition frame	speaker-only, transition, or low-information frame without independent visual teaching content
076	recording@00:01:21	optional	Speaker or transition frame	speaker-only, transition, or low-information frame without independent visual teaching content
077	recording@00:01:22	optional	Progressive or repeated recording state	superseded build, repeated state, demo micro-step, or lower-information moment; the retained state preserves the independent teaching point
078	recording@00:01:23	optional	Speaker or transition frame	speaker-only, transition, or low-information frame without independent visual teaching content
079	recording@00:01:24	optional	Speaker or transition frame	speaker-only, transition, or low-information frame without independent visual teaching content
080	recording@00:01:25	optional	Speaker or transition frame	speaker-only, transition, or low-information frame without independent visual teaching content
081	recording@00:01:26	optional	Speaker or transition frame	speaker-only, transition, or low-information frame without independent visual teaching content
082	recording@00:01:27	optional	Speaker or transition frame	speaker-only, transition, or low-information frame without independent visual teaching content
083	recording@00:01:28	optional	Progressive or repeated recording state	superseded build, repeated state, demo micro-step, or lower-information moment; the retained state preserves the independent teaching point
084	recording@00:01:29	optional	Speaker or transition frame	speaker-only, transition, or low-information frame without independent visual teaching content
085	recording@00:01:30	optional	Speaker or transition frame	speaker-only, transition, or low-information frame without independent visual teaching content
086	recording@00:01:31	optional	Speaker or transition frame	speaker-only, transition, or low-information frame without independent visual teaching content
087	recording@00:01:32	optional	Speaker or transition frame	speaker-only, transition, or low-information frame without independent visual teaching content
088	recording@00:01:33	optional	Speaker or transition frame	speaker-only, transition, or low-information frame without independent visual teaching content
089	recording@00:01:34	optional	Speaker or transition frame	speaker-only, transition, or low-information frame without independent visual teaching content
090	recording@00:01:35	optional	Speaker or transition frame	speaker-only, transition, or low-information frame without independent visual teaching content
091	recording@00:01:36	optional	Speaker or transition frame	speaker-only, transition, or low-information frame without independent visual teaching content
092	recording@00:01:37	optional	Speaker or transition frame	speaker-only, transition, or low-information frame without independent visual teaching content
093	recording@00:01:38	optional	Speaker or transition frame	speaker-only, transition, or low-information frame without independent visual teaching content
094	recording@00:01:39	optional	Progressive or repeated recording state	superseded build, repeated state, demo micro-step, or lower-information moment; the retained state preserves the independent teaching point
095	recording@00:01:40	optional	Speaker or transition frame	speaker-only, transition, or low-information frame without independent visual teaching content
096	recording@00:01:41	optional	Speaker or transition frame	speaker-only, transition, or low-information frame without independent visual teaching content
097	recording@00:01:42	optional	Speaker or transition frame	speaker-only, transition, or low-information frame without independent visual teaching content
098	recording@00:01:43	optional	Speaker or transition frame	speaker-only, transition, or low-information frame without independent visual teaching content
099	recording@00:01:44	optional	Progressive or repeated recording state	superseded build, repeated state, demo micro-step, or lower-information moment; the retained state preserves the independent teaching point
100	recording@00:01:45	optional	Progressive or repeated recording state	superseded build, repeated state, demo micro-step, or lower-information moment; the retained state preserves the independent teaching point
101	recording@00:01:46	optional	Progressive or repeated recording state	superseded build, repeated state, demo micro-step, or lower-information moment; the retained state preserves the independent teaching point
102	slides-images/slide-02-what-does-agi-look-like.jpg	required	what AGI looks like	independent teaching state retained from the official 1080p recording
103	recording@00:01:52	optional	Progressive or repeated recording state	superseded build, repeated state, demo micro-step, or lower-information moment; the retained state preserves the independent teaching point
104	recording@00:01:53	optional	Progressive or repeated recording state	superseded build, repeated state, demo micro-step, or lower-information moment; the retained state preserves the independent teaching point
105	recording@00:01:55	optional	Progressive or repeated recording state	superseded build, repeated state, demo micro-step, or lower-information moment; the retained state preserves the independent teaching point
106	recording@00:01:56	optional	Progressive or repeated recording state	superseded build, repeated state, demo micro-step, or lower-information moment; the retained state preserves the independent teaching point
107	recording@00:02:00	optional	Progressive or repeated recording state	superseded build, repeated state, demo micro-step, or lower-information moment; the retained state preserves the independent teaching point
108	recording@00:02:04	optional	Progressive or repeated recording state	superseded build, repeated state, demo micro-step, or lower-information moment; the retained state preserves the independent teaching point
109	recording@00:02:08	optional	Progressive or repeated recording state	superseded build, repeated state, demo micro-step, or lower-information moment; the retained state preserves the independent teaching point
110	recording@00:02:09	optional	Progressive or repeated recording state	superseded build, repeated state, demo micro-step, or lower-information moment; the retained state preserves the independent teaching point
111	recording@00:02:11	optional	Progressive or repeated recording state	superseded build, repeated state, demo micro-step, or lower-information moment; the retained state preserves the independent teaching point
112	recording@00:02:12	optional	Progressive or repeated recording state	superseded build, repeated state, demo micro-step, or lower-information moment; the retained state preserves the independent teaching point
113	recording@00:02:14	optional	Progressive or repeated recording state	superseded build, repeated state, demo micro-step, or lower-information moment; the retained state preserves the independent teaching point
114	recording@00:02:17	optional	Progressive or repeated recording state	superseded build, repeated state, demo micro-step, or lower-information moment; the retained state preserves the independent teaching point
115	recording@00:02:47	optional	Progressive or repeated recording state	superseded build, repeated state, demo micro-step, or lower-information moment; the retained state preserves the independent teaching point
116	recording@00:03:08	optional	Progressive or repeated recording state	superseded build, repeated state, demo micro-step, or lower-information moment; the retained state preserves the independent teaching point
117	recording@00:03:17	optional	Progressive or repeated recording state	superseded build, repeated state, demo micro-step, or lower-information moment; the retained state preserves the independent teaching point
118	recording@00:03:20	optional	Progressive or repeated recording state	superseded build, repeated state, demo micro-step, or lower-information moment; the retained state preserves the independent teaching point
119	recording@00:03:32	optional	Progressive or repeated recording state	superseded build, repeated state, demo micro-step, or lower-information moment; the retained state preserves the independent teaching point
120	slides-images/slide-03-agent-architecture-components.jpg	required	agent architecture components	independent teaching state retained from the official 1080p recording
121	slides-images/slide-04-everyday-agi.jpg	required	Everyday AGI	independent teaching state retained from the official 1080p recording
122	recording@00:04:12	optional	Progressive or repeated recording state	superseded build, repeated state, demo micro-step, or lower-information moment; the retained state preserves the independent teaching point
123	recording@00:04:36	optional	Progressive or repeated recording state	superseded build, repeated state, demo micro-step, or lower-information moment; the retained state preserves the independent teaching point
124	slides-images/slide-05-dmv-agent-demo.jpg	required	DMV agent demo	independent teaching state retained from the official 1080p recording
125	recording@00:05:39	optional	Progressive or repeated recording state	superseded build, repeated state, demo micro-step, or lower-information moment; the retained state preserves the independent teaching point
126	slides-images/slide-06-agent-initiatives.jpg	required	agent initiatives	independent teaching state retained from the official 1080p recording
127	recording@00:05:47	optional	Progressive or repeated recording state	superseded build, repeated state, demo micro-step, or lower-information moment; the retained state preserves the independent teaching point
128	recording@00:06:02	optional	Progressive or repeated recording state	superseded build, repeated state, demo micro-step, or lower-information moment; the retained state preserves the independent teaching point
129	recording@00:06:06	optional	Progressive or repeated recording state	superseded build, repeated state, demo micro-step, or lower-information moment; the retained state preserves the independent teaching point
130	recording@00:06:07	optional	Progressive or repeated recording state	superseded build, repeated state, demo micro-step, or lower-information moment; the retained state preserves the independent teaching point
131	recording@00:06:10	optional	Progressive or repeated recording state	superseded build, repeated state, demo micro-step, or lower-information moment; the retained state preserves the independent teaching point
132	recording@00:06:14	optional	Progressive or repeated recording state	superseded build, repeated state, demo micro-step, or lower-information moment; the retained state preserves the independent teaching point
133	recording@00:06:34	optional	Progressive or repeated recording state	superseded build, repeated state, demo micro-step, or lower-information moment; the retained state preserves the independent teaching point
134	recording@00:06:36	optional	Progressive or repeated recording state	superseded build, repeated state, demo micro-step, or lower-information moment; the retained state preserves the independent teaching point
135	recording@00:06:38	optional	Progressive or repeated recording state	superseded build, repeated state, demo micro-step, or lower-information moment; the retained state preserves the independent teaching point
136	recording@00:06:44	optional	Progressive or repeated recording state	superseded build, repeated state, demo micro-step, or lower-information moment; the retained state preserves the independent teaching point
137	recording@00:06:47	optional	Progressive or repeated recording state	superseded build, repeated state, demo micro-step, or lower-information moment; the retained state preserves the independent teaching point
138	recording@00:07:07	optional	Progressive or repeated recording state	superseded build, repeated state, demo micro-step, or lower-information moment; the retained state preserves the independent teaching point
139	slides-images/slide-07-why-agents.jpg	required	why agents	independent teaching state retained from the official 1080p recording
140	recording@00:07:11	optional	Progressive or repeated recording state	superseded build, repeated state, demo micro-step, or lower-information moment; the retained state preserves the independent teaching point
141	recording@00:07:13	optional	Progressive or repeated recording state	superseded build, repeated state, demo micro-step, or lower-information moment; the retained state preserves the independent teaching point
142	recording@00:07:14	optional	Progressive or repeated recording state	superseded build, repeated state, demo micro-step, or lower-information moment; the retained state preserves the independent teaching point
143	recording@00:07:17	optional	Progressive or repeated recording state	superseded build, repeated state, demo micro-step, or lower-information moment; the retained state preserves the independent teaching point
144	recording@00:07:18	optional	Progressive or repeated recording state	superseded build, repeated state, demo micro-step, or lower-information moment; the retained state preserves the independent teaching point
145	recording@00:07:20	optional	Progressive or repeated recording state	superseded build, repeated state, demo micro-step, or lower-information moment; the retained state preserves the independent teaching point
146	recording@00:07:23	optional	Progressive or repeated recording state	superseded build, repeated state, demo micro-step, or lower-information moment; the retained state preserves the independent teaching point
147	slides-images/slide-08-lecture-roadmap.jpg	required	lecture roadmap	independent teaching state retained from the official 1080p recording
148	slides-images/slide-09-building-agents-questions.jpg	required	building agents questions	independent teaching state retained from the official 1080p recording
149	slides-images/slide-10-building-agents-thesis.jpg	required	building agents thesis	independent teaching state retained from the official 1080p recording
150	recording@00:08:28	optional	Progressive or repeated recording state	superseded build, repeated state, demo micro-step, or lower-information moment; the retained state preserves the independent teaching point
151	recording@00:08:29	optional	Progressive or repeated recording state	superseded build, repeated state, demo micro-step, or lower-information moment; the retained state preserves the independent teaching point
152	recording@00:08:32	optional	Progressive or repeated recording state	superseded build, repeated state, demo micro-step, or lower-information moment; the retained state preserves the independent teaching point
153	recording@00:08:36	optional	Progressive or repeated recording state	superseded build, repeated state, demo micro-step, or lower-information moment; the retained state preserves the independent teaching point
154	recording@00:08:39	optional	Progressive or repeated recording state	superseded build, repeated state, demo micro-step, or lower-information moment; the retained state preserves the independent teaching point
155	slides-images/slide-11-ai-agents-why-how.jpg	required	AI agents why and how	independent teaching state retained from the official 1080p recording
156	recording@00:09:01	optional	Progressive or repeated recording state	superseded build, repeated state, demo micro-step, or lower-information moment; the retained state preserves the independent teaching point
157	recording@00:09:03	optional	Progressive or repeated recording state	superseded build, repeated state, demo micro-step, or lower-information moment; the retained state preserves the independent teaching point
158	recording@00:09:23	optional	Progressive or repeated recording state	superseded build, repeated state, demo micro-step, or lower-information moment; the retained state preserves the independent teaching point
159	recording@00:09:25	optional	Progressive or repeated recording state	superseded build, repeated state, demo micro-step, or lower-information moment; the retained state preserves the independent teaching point
160	recording@00:10:28	optional	Progressive or repeated recording state	superseded build, repeated state, demo micro-step, or lower-information moment; the retained state preserves the independent teaching point
161	recording@00:10:42	optional	Progressive or repeated recording state	superseded build, repeated state, demo micro-step, or lower-information moment; the retained state preserves the independent teaching point
162	recording@00:11:06	optional	Progressive or repeated recording state	superseded build, repeated state, demo micro-step, or lower-information moment; the retained state preserves the independent teaching point
163	recording@00:11:18	optional	Progressive or repeated recording state	superseded build, repeated state, demo micro-step, or lower-information moment; the retained state preserves the independent teaching point
164	slides-images/slide-12-human-like-agent-benefits.jpg	required	human-like agent benefits	independent teaching state retained from the official 1080p recording
165	slides-images/slide-13-agent-computer-two-routes.jpg	required	agent computer interaction routes	independent teaching state retained from the official 1080p recording
166	recording@00:13:16	optional	Progressive or repeated recording state	superseded build, repeated state, demo micro-step, or lower-information moment; the retained state preserves the independent teaching point
167	recording@00:13:17	optional	Progressive or repeated recording state	superseded build, repeated state, demo micro-step, or lower-information moment; the retained state preserves the independent teaching point
168	recording@00:13:28	optional	Progressive or repeated recording state	superseded build, repeated state, demo micro-step, or lower-information moment; the retained state preserves the independent teaching point
169	recording@00:13:37	optional	Progressive or repeated recording state	superseded build, repeated state, demo micro-step, or lower-information moment; the retained state preserves the independent teaching point
170	recording@00:13:44	optional	Progressive or repeated recording state	superseded build, repeated state, demo micro-step, or lower-information moment; the retained state preserves the independent teaching point
171	recording@00:13:47	optional	Progressive or repeated recording state	superseded build, repeated state, demo micro-step, or lower-information moment; the retained state preserves the independent teaching point
172	slides-images/slide-14-five-levels-autonomy.jpg	required	five levels of autonomy	independent teaching state retained from the official 1080p recording
173	recording@00:14:03	optional	Progressive or repeated recording state	superseded build, repeated state, demo micro-step, or lower-information moment; the retained state preserves the independent teaching point
174	recording@00:14:04	optional	Progressive or repeated recording state	superseded build, repeated state, demo micro-step, or lower-information moment; the retained state preserves the independent teaching point
175	recording@00:14:06	optional	Progressive or repeated recording state	superseded build, repeated state, demo micro-step, or lower-information moment; the retained state preserves the independent teaching point
176	recording@00:14:08	optional	Progressive or repeated recording state	superseded build, repeated state, demo micro-step, or lower-information moment; the retained state preserves the independent teaching point
177	recording@00:14:09	optional	Progressive or repeated recording state	superseded build, repeated state, demo micro-step, or lower-information moment; the retained state preserves the independent teaching point
178	recording@00:14:10	optional	Progressive or repeated recording state	superseded build, repeated state, demo micro-step, or lower-information moment; the retained state preserves the independent teaching point
179	recording@00:14:11	optional	Progressive or repeated recording state	superseded build, repeated state, demo micro-step, or lower-information moment; the retained state preserves the independent teaching point
180	recording@00:14:12	optional	Progressive or repeated recording state	superseded build, repeated state, demo micro-step, or lower-information moment; the retained state preserves the independent teaching point
181	recording@00:14:13	optional	Progressive or repeated recording state	superseded build, repeated state, demo micro-step, or lower-information moment; the retained state preserves the independent teaching point
182	recording@00:14:16	optional	Progressive or repeated recording state	superseded build, repeated state, demo micro-step, or lower-information moment; the retained state preserves the independent teaching point
183	recording@00:14:19	optional	Progressive or repeated recording state	superseded build, repeated state, demo micro-step, or lower-information moment; the retained state preserves the independent teaching point
184	recording@00:14:20	optional	Progressive or repeated recording state	superseded build, repeated state, demo micro-step, or lower-information moment; the retained state preserves the independent teaching point
185	recording@00:14:25	optional	Progressive or repeated recording state	superseded build, repeated state, demo micro-step, or lower-information moment; the retained state preserves the independent teaching point
186	recording@00:14:28	optional	Progressive or repeated recording state	superseded build, repeated state, demo micro-step, or lower-information moment; the retained state preserves the independent teaching point
187	recording@00:14:35	optional	Progressive or repeated recording state	superseded build, repeated state, demo micro-step, or lower-information moment; the retained state preserves the independent teaching point
188	recording@00:14:36	optional	Progressive or repeated recording state	superseded build, repeated state, demo micro-step, or lower-information moment; the retained state preserves the independent teaching point
189	recording@00:14:41	optional	Progressive or repeated recording state	superseded build, repeated state, demo micro-step, or lower-information moment; the retained state preserves the independent teaching point
190	recording@00:14:42	optional	Progressive or repeated recording state	superseded build, repeated state, demo micro-step, or lower-information moment; the retained state preserves the independent teaching point
191	slides-images/slide-15-real-bench-home.jpg	required	REAL Bench home	independent teaching state retained from the official 1080p recording
192	recording@00:15:01	optional	Progressive or repeated recording state	superseded build, repeated state, demo micro-step, or lower-information moment; the retained state preserves the independent teaching point
193	slides-images/slide-16-real-bench-model-score.jpg	required	REAL Bench model score	independent teaching state retained from the official 1080p recording
194	recording@00:15:23	optional	Progressive or repeated recording state	superseded build, repeated state, demo micro-step, or lower-information moment; the retained state preserves the independent teaching point
195	recording@00:15:39	optional	Progressive or repeated recording state	superseded build, repeated state, demo micro-step, or lower-information moment; the retained state preserves the independent teaching point
196	slides-images/slide-17-real-bench-site-radar.jpg	required	REAL Bench site radar	independent teaching state retained from the official 1080p recording
197	recording@00:16:21	optional	Progressive or repeated recording state	superseded build, repeated state, demo micro-step, or lower-information moment; the retained state preserves the independent teaching point
198	recording@00:16:26	optional	Progressive or repeated recording state	superseded build, repeated state, demo micro-step, or lower-information moment; the retained state preserves the independent teaching point
199	recording@00:16:27	optional	Progressive or repeated recording state	superseded build, repeated state, demo micro-step, or lower-information moment; the retained state preserves the independent teaching point
200	recording@00:16:29	optional	Progressive or repeated recording state	superseded build, repeated state, demo micro-step, or lower-information moment; the retained state preserves the independent teaching point
201	recording@00:16:57	optional	Progressive or repeated recording state	superseded build, repeated state, demo micro-step, or lower-information moment; the retained state preserves the independent teaching point
202	recording@00:16:59	optional	Progressive or repeated recording state	superseded build, repeated state, demo micro-step, or lower-information moment; the retained state preserves the independent teaching point
203	slides-images/slide-18-real-bench-task-breakdown.jpg	required	REAL Bench task breakdown	independent teaching state retained from the official 1080p recording
204	recording@00:17:28	optional	Progressive or repeated recording state	superseded build, repeated state, demo micro-step, or lower-information moment; the retained state preserves the independent teaching point
205	recording@00:17:29	optional	Progressive or repeated recording state	superseded build, repeated state, demo micro-step, or lower-information moment; the retained state preserves the independent teaching point
206	recording@00:17:31	optional	Progressive or repeated recording state	superseded build, repeated state, demo micro-step, or lower-information moment; the retained state preserves the independent teaching point
207	recording@00:17:32	optional	Progressive or repeated recording state	superseded build, repeated state, demo micro-step, or lower-information moment; the retained state preserves the independent teaching point
208	recording@00:17:37	optional	Progressive or repeated recording state	superseded build, repeated state, demo micro-step, or lower-information moment; the retained state preserves the independent teaching point
209	recording@00:17:38	optional	Progressive or repeated recording state	superseded build, repeated state, demo micro-step, or lower-information moment; the retained state preserves the independent teaching point
210	recording@00:17:39	optional	Progressive or repeated recording state	superseded build, repeated state, demo micro-step, or lower-information moment; the retained state preserves the independent teaching point
211	recording@00:17:46	optional	Progressive or repeated recording state	superseded build, repeated state, demo micro-step, or lower-information moment; the retained state preserves the independent teaching point
212	recording@00:17:50	optional	Progressive or repeated recording state	superseded build, repeated state, demo micro-step, or lower-information moment; the retained state preserves the independent teaching point
213	recording@00:17:51	optional	Progressive or repeated recording state	superseded build, repeated state, demo micro-step, or lower-information moment; the retained state preserves the independent teaching point
214	recording@00:17:52	optional	Progressive or repeated recording state	superseded build, repeated state, demo micro-step, or lower-information moment; the retained state preserves the independent teaching point
215	recording@00:17:54	optional	Progressive or repeated recording state	superseded build, repeated state, demo micro-step, or lower-information moment; the retained state preserves the independent teaching point
216	recording@00:17:55	optional	Progressive or repeated recording state	superseded build, repeated state, demo micro-step, or lower-information moment; the retained state preserves the independent teaching point
217	recording@00:17:56	optional	Progressive or repeated recording state	superseded build, repeated state, demo micro-step, or lower-information moment; the retained state preserves the independent teaching point
218	recording@00:17:57	optional	Progressive or repeated recording state	superseded build, repeated state, demo micro-step, or lower-information moment; the retained state preserves the independent teaching point
219	recording@00:17:58	optional	Progressive or repeated recording state	superseded build, repeated state, demo micro-step, or lower-information moment; the retained state preserves the independent teaching point
220	slides-images/slide-19-agentq-failure-collage.jpg	required	AgentQ failure collage	independent teaching state retained from the official 1080p recording
221	recording@00:18:00	optional	Progressive or repeated recording state	superseded build, repeated state, demo micro-step, or lower-information moment; the retained state preserves the independent teaching point
222	recording@00:18:01	optional	Progressive or repeated recording state	superseded build, repeated state, demo micro-step, or lower-information moment; the retained state preserves the independent teaching point
223	recording@00:18:02	optional	Progressive or repeated recording state	superseded build, repeated state, demo micro-step, or lower-information moment; the retained state preserves the independent teaching point
224	recording@00:18:03	optional	Progressive or repeated recording state	superseded build, repeated state, demo micro-step, or lower-information moment; the retained state preserves the independent teaching point
225	recording@00:18:04	optional	Progressive or repeated recording state	superseded build, repeated state, demo micro-step, or lower-information moment; the retained state preserves the independent teaching point
226	recording@00:18:05	optional	Progressive or repeated recording state	superseded build, repeated state, demo micro-step, or lower-information moment; the retained state preserves the independent teaching point
227	recording@00:18:06	optional	Progressive or repeated recording state	superseded build, repeated state, demo micro-step, or lower-information moment; the retained state preserves the independent teaching point
228	recording@00:18:07	optional	Progressive or repeated recording state	superseded build, repeated state, demo micro-step, or lower-information moment; the retained state preserves the independent teaching point
229	slides-images/slide-20-agentq-title.jpg	required	AgentQ title	independent teaching state retained from the official 1080p recording
230	recording@00:18:09	optional	Progressive or repeated recording state	superseded build, repeated state, demo micro-step, or lower-information moment; the retained state preserves the independent teaching point
231	recording@00:18:10	optional	Progressive or repeated recording state	superseded build, repeated state, demo micro-step, or lower-information moment; the retained state preserves the independent teaching point
232	slides-images/slide-21-reservation-prompt.jpg	required	reservation prompt	independent teaching state retained from the official 1080p recording
233	recording@00:18:12	optional	Progressive or repeated recording state	superseded build, repeated state, demo micro-step, or lower-information moment; the retained state preserves the independent teaching point
234	recording@00:18:13	optional	Progressive or repeated recording state	superseded build, repeated state, demo micro-step, or lower-information moment; the retained state preserves the independent teaching point
235	recording@00:18:14	optional	Progressive or repeated recording state	superseded build, repeated state, demo micro-step, or lower-information moment; the retained state preserves the independent teaching point
236	slides-images/slide-22-agent-web-actions.jpg	required	agent web actions	independent teaching state retained from the official 1080p recording
237	recording@00:18:16	optional	Progressive or repeated recording state	superseded build, repeated state, demo micro-step, or lower-information moment; the retained state preserves the independent teaching point
238	recording@00:18:17	optional	Progressive or repeated recording state	superseded build, repeated state, demo micro-step, or lower-information moment; the retained state preserves the independent teaching point
239	recording@00:18:18	optional	Progressive or repeated recording state	superseded build, repeated state, demo micro-step, or lower-information moment; the retained state preserves the independent teaching point
240	slides-images/slide-23-google-fallback.jpg	required	Google fallback	independent teaching state retained from the official 1080p recording
241	recording@00:18:20	optional	Progressive or repeated recording state	superseded build, repeated state, demo micro-step, or lower-information moment; the retained state preserves the independent teaching point
242	recording@00:18:21	optional	Progressive or repeated recording state	superseded build, repeated state, demo micro-step, or lower-information moment; the retained state preserves the independent teaching point
243	slides-images/slide-24-adaptable-site-formats.jpg	required	adaptable site formats	independent teaching state retained from the official 1080p recording
244	recording@00:18:23	optional	Progressive or repeated recording state	superseded build, repeated state, demo micro-step, or lower-information moment; the retained state preserves the independent teaching point
245	recording@00:18:24	optional	Progressive or repeated recording state	superseded build, repeated state, demo micro-step, or lower-information moment; the retained state preserves the independent teaching point
246	slides-images/slide-25-reservation-confirmed.jpg	required	reservation confirmed	independent teaching state retained from the official 1080p recording
247	recording@00:18:26	optional	Progressive or repeated recording state	superseded build, repeated state, demo micro-step, or lower-information moment; the retained state preserves the independent teaching point
248	recording@00:18:27	optional	Progressive or repeated recording state	superseded build, repeated state, demo micro-step, or lower-information moment; the retained state preserves the independent teaching point
249	slides-images/slide-26-self-correcting-behavior.jpg	required	self-correcting behavior	independent teaching state retained from the official 1080p recording
250	recording@00:18:29	optional	Progressive or repeated recording state	superseded build, repeated state, demo micro-step, or lower-information moment; the retained state preserves the independent teaching point
251	recording@00:18:30	optional	Progressive or repeated recording state	superseded build, repeated state, demo micro-step, or lower-information moment; the retained state preserves the independent teaching point
252	slides-images/slide-27-multiple-decisions.jpg	required	multiple decisions	independent teaching state retained from the official 1080p recording
253	slides-images/slide-28-calendar-prompt.jpg	required	calendar prompt	independent teaching state retained from the official 1080p recording
254	recording@00:18:33	optional	Progressive or repeated recording state	superseded build, repeated state, demo micro-step, or lower-information moment; the retained state preserves the independent teaching point
255	recording@00:18:34	optional	Speaker or transition frame	speaker-only, transition, or low-information frame without independent visual teaching content
256	recording@00:18:35	optional	Progressive or repeated recording state	superseded build, repeated state, demo micro-step, or lower-information moment; the retained state preserves the independent teaching point
257	recording@00:18:36	optional	Progressive or repeated recording state	superseded build, repeated state, demo micro-step, or lower-information moment; the retained state preserves the independent teaching point
258	recording@00:18:37	optional	Progressive or repeated recording state	superseded build, repeated state, demo micro-step, or lower-information moment; the retained state preserves the independent teaching point
259	recording@00:18:38	optional	Progressive or repeated recording state	superseded build, repeated state, demo micro-step, or lower-information moment; the retained state preserves the independent teaching point
260	slides-images/slide-29-calendar-rescheduled.jpg	required	calendar rescheduled	independent teaching state retained from the official 1080p recording
261	recording@00:18:40	optional	Progressive or repeated recording state	superseded build, repeated state, demo micro-step, or lower-information moment; the retained state preserves the independent teaching point
262	slides-images/slide-30-right-skills-right-time.jpg	required	right skills right time	independent teaching state retained from the official 1080p recording
263	slides-images/slide-31-flight-prompt.jpg	required	flight prompt	independent teaching state retained from the official 1080p recording
264	recording@00:18:43	optional	Progressive or repeated recording state	superseded build, repeated state, demo micro-step, or lower-information moment; the retained state preserves the independent teaching point
265	recording@00:18:44	optional	Progressive or repeated recording state	superseded build, repeated state, demo micro-step, or lower-information moment; the retained state preserves the independent teaching point
266	recording@00:18:45	optional	Progressive or repeated recording state	superseded build, repeated state, demo micro-step, or lower-information moment; the retained state preserves the independent teaching point
267	recording@00:18:46	optional	Progressive or repeated recording state	superseded build, repeated state, demo micro-step, or lower-information moment; the retained state preserves the independent teaching point
268	recording@00:18:47	optional	Progressive or repeated recording state	superseded build, repeated state, demo micro-step, or lower-information moment; the retained state preserves the independent teaching point
269	slides-images/slide-32-flight-window-seat.jpg	required	flight window seat	independent teaching state retained from the official 1080p recording
270	recording@00:18:49	optional	Progressive or repeated recording state	superseded build, repeated state, demo micro-step, or lower-information moment; the retained state preserves the independent teaching point
271	recording@00:18:50	optional	Progressive or repeated recording state	superseded build, repeated state, demo micro-step, or lower-information moment; the retained state preserves the independent teaching point
272	recording@00:18:51	optional	Progressive or repeated recording state	superseded build, repeated state, demo micro-step, or lower-information moment; the retained state preserves the independent teaching point
273	recording@00:18:52	optional	Progressive or repeated recording state	superseded build, repeated state, demo micro-step, or lower-information moment; the retained state preserves the independent teaching point
274	recording@00:18:53	optional	Speaker or transition frame	speaker-only, transition, or low-information frame without independent visual teaching content
275	slides-images/slide-33-booking-success-improvement.jpg	required	booking success improvement	independent teaching state retained from the official 1080p recording
276	recording@00:18:55	optional	Progressive or repeated recording state	superseded build, repeated state, demo micro-step, or lower-information moment; the retained state preserves the independent teaching point
277	recording@00:18:56	optional	Progressive or repeated recording state	superseded build, repeated state, demo micro-step, or lower-information moment; the retained state preserves the independent teaching point
278	recording@00:18:57	optional	Progressive or repeated recording state	superseded build, repeated state, demo micro-step, or lower-information moment; the retained state preserves the independent teaching point
279	recording@00:18:58	optional	Progressive or repeated recording state	superseded build, repeated state, demo micro-step, or lower-information moment; the retained state preserves the independent teaching point
280	recording@00:18:59	optional	Progressive or repeated recording state	superseded build, repeated state, demo micro-step, or lower-information moment; the retained state preserves the independent teaching point
281	recording@00:19:00	optional	Progressive or repeated recording state	superseded build, repeated state, demo micro-step, or lower-information moment; the retained state preserves the independent teaching point
282	recording@00:19:01	optional	Progressive or repeated recording state	superseded build, repeated state, demo micro-step, or lower-information moment; the retained state preserves the independent teaching point
283	recording@00:19:03	optional	Progressive or repeated recording state	superseded build, repeated state, demo micro-step, or lower-information moment; the retained state preserves the independent teaching point
284	recording@00:19:10	optional	Progressive or repeated recording state	superseded build, repeated state, demo micro-step, or lower-information moment; the retained state preserves the independent teaching point
285	recording@00:19:12	optional	Progressive or repeated recording state	superseded build, repeated state, demo micro-step, or lower-information moment; the retained state preserves the independent teaching point
286	recording@00:19:15	optional	Progressive or repeated recording state	superseded build, repeated state, demo micro-step, or lower-information moment; the retained state preserves the independent teaching point
287	recording@00:19:16	optional	Progressive or repeated recording state	superseded build, repeated state, demo micro-step, or lower-information moment; the retained state preserves the independent teaching point
288	recording@00:19:17	optional	Progressive or repeated recording state	superseded build, repeated state, demo micro-step, or lower-information moment; the retained state preserves the independent teaching point
289	recording@00:19:25	optional	Progressive or repeated recording state	superseded build, repeated state, demo micro-step, or lower-information moment; the retained state preserves the independent teaching point
290	recording@00:19:28	optional	Progressive or repeated recording state	superseded build, repeated state, demo micro-step, or lower-information moment; the retained state preserves the independent teaching point
291	recording@00:19:43	optional	Progressive or repeated recording state	superseded build, repeated state, demo micro-step, or lower-information moment; the retained state preserves the independent teaching point
292	recording@00:19:44	optional	Progressive or repeated recording state	superseded build, repeated state, demo micro-step, or lower-information moment; the retained state preserves the independent teaching point
293	recording@00:19:45	optional	Progressive or repeated recording state	superseded build, repeated state, demo micro-step, or lower-information moment; the retained state preserves the independent teaching point
294	recording@00:19:46	optional	Speaker or transition frame	speaker-only, transition, or low-information frame without independent visual teaching content
295	recording@00:19:47	optional	Speaker or transition frame	speaker-only, transition, or low-information frame without independent visual teaching content
296	recording@00:19:48	optional	Progressive or repeated recording state	superseded build, repeated state, demo micro-step, or lower-information moment; the retained state preserves the independent teaching point
297	recording@00:19:49	optional	Speaker or transition frame	speaker-only, transition, or low-information frame without independent visual teaching content
298	recording@00:19:50	optional	Speaker or transition frame	speaker-only, transition, or low-information frame without independent visual teaching content
299	recording@00:19:51	optional	Speaker or transition frame	speaker-only, transition, or low-information frame without independent visual teaching content
300	recording@00:19:52	optional	Progressive or repeated recording state	superseded build, repeated state, demo micro-step, or lower-information moment; the retained state preserves the independent teaching point
301	recording@00:19:53	optional	Speaker or transition frame	speaker-only, transition, or low-information frame without independent visual teaching content
302	recording@00:19:54	optional	Progressive or repeated recording state	superseded build, repeated state, demo micro-step, or lower-information moment; the retained state preserves the independent teaching point
303	recording@00:19:55	optional	Progressive or repeated recording state	superseded build, repeated state, demo micro-step, or lower-information moment; the retained state preserves the independent teaching point
304	recording@00:19:57	optional	Progressive or repeated recording state	superseded build, repeated state, demo micro-step, or lower-information moment; the retained state preserves the independent teaching point
305	recording@00:19:58	optional	Progressive or repeated recording state	superseded build, repeated state, demo micro-step, or lower-information moment; the retained state preserves the independent teaching point
306	recording@00:20:11	optional	Progressive or repeated recording state	superseded build, repeated state, demo micro-step, or lower-information moment; the retained state preserves the independent teaching point
307	recording@00:20:12	optional	Progressive or repeated recording state	superseded build, repeated state, demo micro-step, or lower-information moment; the retained state preserves the independent teaching point
308	recording@00:20:14	optional	Progressive or repeated recording state	superseded build, repeated state, demo micro-step, or lower-information moment; the retained state preserves the independent teaching point
309	recording@00:20:16	optional	Progressive or repeated recording state	superseded build, repeated state, demo micro-step, or lower-information moment; the retained state preserves the independent teaching point
310	recording@00:20:17	optional	Progressive or repeated recording state	superseded build, repeated state, demo micro-step, or lower-information moment; the retained state preserves the independent teaching point
311	recording@00:20:19	optional	Progressive or repeated recording state	superseded build, repeated state, demo micro-step, or lower-information moment; the retained state preserves the independent teaching point
312	recording@00:20:22	optional	Progressive or repeated recording state	superseded build, repeated state, demo micro-step, or lower-information moment; the retained state preserves the independent teaching point
313	recording@00:20:24	optional	Progressive or repeated recording state	superseded build, repeated state, demo micro-step, or lower-information moment; the retained state preserves the independent teaching point
314	recording@00:20:27	optional	Progressive or repeated recording state	superseded build, repeated state, demo micro-step, or lower-information moment; the retained state preserves the independent teaching point
315	recording@00:20:39	optional	Progressive or repeated recording state	superseded build, repeated state, demo micro-step, or lower-information moment; the retained state preserves the independent teaching point
316	slides-images/slide-34-agentq-methods-paper.jpg	required	AgentQ methods and paper	independent teaching state retained from the official 1080p recording
317	recording@00:20:48	optional	Progressive or repeated recording state	superseded build, repeated state, demo micro-step, or lower-information moment; the retained state preserves the independent teaching point
318	recording@00:20:53	optional	Progressive or repeated recording state	superseded build, repeated state, demo micro-step, or lower-information moment; the retained state preserves the independent teaching point
319	recording@00:20:54	optional	Progressive or repeated recording state	superseded build, repeated state, demo micro-step, or lower-information moment; the retained state preserves the independent teaching point
320	recording@00:20:56	optional	Progressive or repeated recording state	superseded build, repeated state, demo micro-step, or lower-information moment; the retained state preserves the independent teaching point
321	recording@00:21:06	optional	Progressive or repeated recording state	superseded build, repeated state, demo micro-step, or lower-information moment; the retained state preserves the independent teaching point
322	recording@00:21:07	optional	Progressive or repeated recording state	superseded build, repeated state, demo micro-step, or lower-information moment; the retained state preserves the independent teaching point
323	recording@00:21:10	optional	Progressive or repeated recording state	superseded build, repeated state, demo micro-step, or lower-information moment; the retained state preserves the independent teaching point
324	recording@00:21:12	optional	Progressive or repeated recording state	superseded build, repeated state, demo micro-step, or lower-information moment; the retained state preserves the independent teaching point
325	recording@00:21:13	optional	Progressive or repeated recording state	superseded build, repeated state, demo micro-step, or lower-information moment; the retained state preserves the independent teaching point
326	recording@00:21:15	optional	Progressive or repeated recording state	superseded build, repeated state, demo micro-step, or lower-information moment; the retained state preserves the independent teaching point
327	recording@00:21:16	optional	Progressive or repeated recording state	superseded build, repeated state, demo micro-step, or lower-information moment; the retained state preserves the independent teaching point
328	recording@00:21:18	optional	Progressive or repeated recording state	superseded build, repeated state, demo micro-step, or lower-information moment; the retained state preserves the independent teaching point
329	recording@00:21:20	optional	Progressive or repeated recording state	superseded build, repeated state, demo micro-step, or lower-information moment; the retained state preserves the independent teaching point
330	recording@00:21:21	optional	Progressive or repeated recording state	superseded build, repeated state, demo micro-step, or lower-information moment; the retained state preserves the independent teaching point
331	recording@00:21:23	optional	Progressive or repeated recording state	superseded build, repeated state, demo micro-step, or lower-information moment; the retained state preserves the independent teaching point
332	recording@00:21:24	optional	Progressive or repeated recording state	superseded build, repeated state, demo micro-step, or lower-information moment; the retained state preserves the independent teaching point
333	recording@00:21:26	optional	Progressive or repeated recording state	superseded build, repeated state, demo micro-step, or lower-information moment; the retained state preserves the independent teaching point
334	recording@00:21:27	optional	Progressive or repeated recording state	superseded build, repeated state, demo micro-step, or lower-information moment; the retained state preserves the independent teaching point
335	recording@00:21:29	optional	Progressive or repeated recording state	superseded build, repeated state, demo micro-step, or lower-information moment; the retained state preserves the independent teaching point
336	recording@00:21:31	optional	Progressive or repeated recording state	superseded build, repeated state, demo micro-step, or lower-information moment; the retained state preserves the independent teaching point
337	recording@00:21:32	optional	Progressive or repeated recording state	superseded build, repeated state, demo micro-step, or lower-information moment; the retained state preserves the independent teaching point
338	recording@00:21:33	optional	Progressive or repeated recording state	superseded build, repeated state, demo micro-step, or lower-information moment; the retained state preserves the independent teaching point
339	recording@00:21:34	optional	Progressive or repeated recording state	superseded build, repeated state, demo micro-step, or lower-information moment; the retained state preserves the independent teaching point
340	recording@00:21:38	optional	Progressive or repeated recording state	superseded build, repeated state, demo micro-step, or lower-information moment; the retained state preserves the independent teaching point
341	recording@00:21:39	optional	Progressive or repeated recording state	superseded build, repeated state, demo micro-step, or lower-information moment; the retained state preserves the independent teaching point
342	slides-images/slide-35-mcts-search.jpg	required	MCTS search	independent teaching state retained from the official 1080p recording
343	recording@00:21:42	optional	Progressive or repeated recording state	superseded build, repeated state, demo micro-step, or lower-information moment; the retained state preserves the independent teaching point
344	recording@00:21:51	optional	Progressive or repeated recording state	superseded build, repeated state, demo micro-step, or lower-information moment; the retained state preserves the independent teaching point
345	recording@00:21:59	optional	Progressive or repeated recording state	superseded build, repeated state, demo micro-step, or lower-information moment; the retained state preserves the independent teaching point
346	recording@00:22:02	optional	Progressive or repeated recording state	superseded build, repeated state, demo micro-step, or lower-information moment; the retained state preserves the independent teaching point
347	recording@00:22:06	optional	Progressive or repeated recording state	superseded build, repeated state, demo micro-step, or lower-information moment; the retained state preserves the independent teaching point
348	recording@00:22:07	optional	Progressive or repeated recording state	superseded build, repeated state, demo micro-step, or lower-information moment; the retained state preserves the independent teaching point
349	recording@00:22:09	optional	Progressive or repeated recording state	superseded build, repeated state, demo micro-step, or lower-information moment; the retained state preserves the independent teaching point
350	recording@00:22:10	optional	Progressive or repeated recording state	superseded build, repeated state, demo micro-step, or lower-information moment; the retained state preserves the independent teaching point
351	recording@00:22:12	optional	Progressive or repeated recording state	superseded build, repeated state, demo micro-step, or lower-information moment; the retained state preserves the independent teaching point
352	recording@00:22:13	optional	Progressive or repeated recording state	superseded build, repeated state, demo micro-step, or lower-information moment; the retained state preserves the independent teaching point
353	recording@00:22:16	optional	Progressive or repeated recording state	superseded build, repeated state, demo micro-step, or lower-information moment; the retained state preserves the independent teaching point
354	recording@00:22:18	optional	Progressive or repeated recording state	superseded build, repeated state, demo micro-step, or lower-information moment; the retained state preserves the independent teaching point
355	recording@00:22:19	optional	Progressive or repeated recording state	superseded build, repeated state, demo micro-step, or lower-information moment; the retained state preserves the independent teaching point
356	recording@00:22:21	optional	Progressive or repeated recording state	superseded build, repeated state, demo micro-step, or lower-information moment; the retained state preserves the independent teaching point
357	recording@00:22:23	optional	Progressive or repeated recording state	superseded build, repeated state, demo micro-step, or lower-information moment; the retained state preserves the independent teaching point
358	recording@00:22:30	optional	Progressive or repeated recording state	superseded build, repeated state, demo micro-step, or lower-information moment; the retained state preserves the independent teaching point
359	recording@00:22:33	optional	Progressive or repeated recording state	superseded build, repeated state, demo micro-step, or lower-information moment; the retained state preserves the independent teaching point
360	recording@00:22:36	optional	Progressive or repeated recording state	superseded build, repeated state, demo micro-step, or lower-information moment; the retained state preserves the independent teaching point
361	recording@00:22:39	optional	Progressive or repeated recording state	superseded build, repeated state, demo micro-step, or lower-information moment; the retained state preserves the independent teaching point
362	recording@00:22:45	optional	Progressive or repeated recording state	superseded build, repeated state, demo micro-step, or lower-information moment; the retained state preserves the independent teaching point
363	recording@00:22:47	optional	Progressive or repeated recording state	superseded build, repeated state, demo micro-step, or lower-information moment; the retained state preserves the independent teaching point
364	recording@00:22:51	optional	Progressive or repeated recording state	superseded build, repeated state, demo micro-step, or lower-information moment; the retained state preserves the independent teaching point
365	slides-images/slide-36-self-critique-process.jpg	required	self-critique process	independent teaching state retained from the official 1080p recording
366	recording@00:23:18	optional	Progressive or repeated recording state	superseded build, repeated state, demo micro-step, or lower-information moment; the retained state preserves the independent teaching point
367	recording@00:23:19	optional	Progressive or repeated recording state	superseded build, repeated state, demo micro-step, or lower-information moment; the retained state preserves the independent teaching point
368	recording@00:23:21	optional	Progressive or repeated recording state	superseded build, repeated state, demo micro-step, or lower-information moment; the retained state preserves the independent teaching point
369	slides-images/slide-37-rlhf-preference-learning.jpg	required	RLHF preference learning	independent teaching state retained from the official 1080p recording
370	recording@00:23:24	optional	Progressive or repeated recording state	superseded build, repeated state, demo micro-step, or lower-information moment; the retained state preserves the independent teaching point
371	recording@00:23:25	optional	Progressive or repeated recording state	superseded build, repeated state, demo micro-step, or lower-information moment; the retained state preserves the independent teaching point
372	recording@00:23:26	optional	Progressive or repeated recording state	superseded build, repeated state, demo micro-step, or lower-information moment; the retained state preserves the independent teaching point
373	recording@00:23:27	optional	Progressive or repeated recording state	superseded build, repeated state, demo micro-step, or lower-information moment; the retained state preserves the independent teaching point
374	recording@00:23:30	optional	Progressive or repeated recording state	superseded build, repeated state, demo micro-step, or lower-information moment; the retained state preserves the independent teaching point
375	recording@00:23:33	optional	Progressive or repeated recording state	superseded build, repeated state, demo micro-step, or lower-information moment; the retained state preserves the independent teaching point
376	recording@00:23:35	optional	Progressive or repeated recording state	superseded build, repeated state, demo micro-step, or lower-information moment; the retained state preserves the independent teaching point
377	recording@00:23:36	optional	Progressive or repeated recording state	superseded build, repeated state, demo micro-step, or lower-information moment; the retained state preserves the independent teaching point
378	recording@00:23:38	optional	Progressive or repeated recording state	superseded build, repeated state, demo micro-step, or lower-information moment; the retained state preserves the independent teaching point
379	recording@00:23:39	optional	Progressive or repeated recording state	superseded build, repeated state, demo micro-step, or lower-information moment; the retained state preserves the independent teaching point
380	recording@00:23:41	optional	Progressive or repeated recording state	superseded build, repeated state, demo micro-step, or lower-information moment; the retained state preserves the independent teaching point
381	recording@00:23:42	optional	Progressive or repeated recording state	superseded build, repeated state, demo micro-step, or lower-information moment; the retained state preserves the independent teaching point
382	recording@00:23:43	optional	Progressive or repeated recording state	superseded build, repeated state, demo micro-step, or lower-information moment; the retained state preserves the independent teaching point
383	recording@00:23:44	optional	Progressive or repeated recording state	superseded build, repeated state, demo micro-step, or lower-information moment; the retained state preserves the independent teaching point
384	recording@00:23:45	optional	Progressive or repeated recording state	superseded build, repeated state, demo micro-step, or lower-information moment; the retained state preserves the independent teaching point
385	recording@00:23:48	optional	Progressive or repeated recording state	superseded build, repeated state, demo micro-step, or lower-information moment; the retained state preserves the independent teaching point
386	recording@00:23:49	optional	Progressive or repeated recording state	superseded build, repeated state, demo micro-step, or lower-information moment; the retained state preserves the independent teaching point
387	recording@00:23:51	optional	Progressive or repeated recording state	superseded build, repeated state, demo micro-step, or lower-information moment; the retained state preserves the independent teaching point
388	recording@00:23:52	optional	Progressive or repeated recording state	superseded build, repeated state, demo micro-step, or lower-information moment; the retained state preserves the independent teaching point
389	recording@00:24:01	optional	Progressive or repeated recording state	superseded build, repeated state, demo micro-step, or lower-information moment; the retained state preserves the independent teaching point
390	recording@00:24:03	optional	Progressive or repeated recording state	superseded build, repeated state, demo micro-step, or lower-information moment; the retained state preserves the independent teaching point
391	recording@00:24:04	optional	Progressive or repeated recording state	superseded build, repeated state, demo micro-step, or lower-information moment; the retained state preserves the independent teaching point
392	recording@00:24:05	optional	Progressive or repeated recording state	superseded build, repeated state, demo micro-step, or lower-information moment; the retained state preserves the independent teaching point
393	recording@00:24:07	optional	Progressive or repeated recording state	superseded build, repeated state, demo micro-step, or lower-information moment; the retained state preserves the independent teaching point
394	recording@00:24:09	optional	Progressive or repeated recording state	superseded build, repeated state, demo micro-step, or lower-information moment; the retained state preserves the independent teaching point
395	slides-images/slide-38-opentable-step1-navigate.jpg	required	OpenTable step 1 navigation	independent teaching state retained from the official 1080p recording
396	recording@00:24:12	optional	Progressive or repeated recording state	superseded build, repeated state, demo micro-step, or lower-information moment; the retained state preserves the independent teaching point
397	recording@00:24:13	optional	Progressive or repeated recording state	superseded build, repeated state, demo micro-step, or lower-information moment; the retained state preserves the independent teaching point
398	slides-images/slide-39-opentable-step2-homepage.jpg	required	OpenTable step 2 homepage	independent teaching state retained from the official 1080p recording
399	recording@00:24:27	optional	Progressive or repeated recording state	superseded build, repeated state, demo micro-step, or lower-information moment; the retained state preserves the independent teaching point
400	recording@00:24:28	optional	Progressive or repeated recording state	superseded build, repeated state, demo micro-step, or lower-information moment; the retained state preserves the independent teaching point
401	recording@00:24:29	optional	Progressive or repeated recording state	superseded build, repeated state, demo micro-step, or lower-information moment; the retained state preserves the independent teaching point
402	recording@00:24:33	optional	Progressive or repeated recording state	superseded build, repeated state, demo micro-step, or lower-information moment; the retained state preserves the independent teaching point
403	recording@00:24:36	optional	Progressive or repeated recording state	superseded build, repeated state, demo micro-step, or lower-information moment; the retained state preserves the independent teaching point
404	recording@00:24:37	optional	Progressive or repeated recording state	superseded build, repeated state, demo micro-step, or lower-information moment; the retained state preserves the independent teaching point
405	recording@00:24:39	optional	Progressive or repeated recording state	superseded build, repeated state, demo micro-step, or lower-information moment; the retained state preserves the independent teaching point
406	slides-images/slide-40-opentable-step3-restaurant.jpg	required	OpenTable step 3 restaurant	independent teaching state retained from the official 1080p recording
407	slides-images/slide-41-opentable-step4-wrong-date.jpg	required	OpenTable step 4 wrong date	independent teaching state retained from the official 1080p recording
408	recording@00:24:51	optional	Progressive or repeated recording state	superseded build, repeated state, demo micro-step, or lower-information moment; the retained state preserves the independent teaching point
409	slides-images/slide-42-opentable-step5-date-selector.jpg	required	OpenTable step 5 date selector	independent teaching state retained from the official 1080p recording
410	slides-images/slide-43-opentable-step6-correct-date.jpg	required	OpenTable step 6 correct date	independent teaching state retained from the official 1080p recording
411	slides-images/slide-44-opentable-step7-confirmed.jpg	required	OpenTable step 7 confirmed	independent teaching state retained from the official 1080p recording
412	recording@00:24:57	optional	Progressive or repeated recording state	superseded build, repeated state, demo micro-step, or lower-information moment; the retained state preserves the independent teaching point
413	recording@00:25:06	optional	Progressive or repeated recording state	superseded build, repeated state, demo micro-step, or lower-information moment; the retained state preserves the independent teaching point
414	recording@00:26:35	optional	Progressive or repeated recording state	superseded build, repeated state, demo micro-step, or lower-information moment; the retained state preserves the independent teaching point
415	recording@00:26:36	optional	Progressive or repeated recording state	superseded build, repeated state, demo micro-step, or lower-information moment; the retained state preserves the independent teaching point
416	recording@00:26:37	optional	Progressive or repeated recording state	superseded build, repeated state, demo micro-step, or lower-information moment; the retained state preserves the independent teaching point
417	recording@00:26:39	optional	Progressive or repeated recording state	superseded build, repeated state, demo micro-step, or lower-information moment; the retained state preserves the independent teaching point
418	recording@00:26:40	optional	Progressive or repeated recording state	superseded build, repeated state, demo micro-step, or lower-information moment; the retained state preserves the independent teaching point
419	slides-images/slide-45-agentq-real-world-benchmark.jpg	required	AgentQ real-world benchmark	independent teaching state retained from the official 1080p recording
420	recording@00:26:42	optional	Progressive or repeated recording state	superseded build, repeated state, demo micro-step, or lower-information moment; the retained state preserves the independent teaching point
421	recording@00:26:43	optional	Progressive or repeated recording state	superseded build, repeated state, demo micro-step, or lower-information moment; the retained state preserves the independent teaching point
422	recording@00:26:48	optional	Progressive or repeated recording state	superseded build, repeated state, demo micro-step, or lower-information moment; the retained state preserves the independent teaching point
423	recording@00:26:53	optional	Progressive or repeated recording state	superseded build, repeated state, demo micro-step, or lower-information moment; the retained state preserves the independent teaching point
424	slides-images/slide-46-neural-compute-unit.jpg	required	neural compute unit	independent teaching state retained from the official 1080p recording
425	recording@00:28:05	optional	Progressive or repeated recording state	superseded build, repeated state, demo micro-step, or lower-information moment; the retained state preserves the independent teaching point
426	slides-images/slide-47-mips-instruction-analogy.jpg	required	MIPS instruction analogy	independent teaching state retained from the official 1080p recording
427	slides-images/slide-48-looped-transformer.jpg	required	looped Transformer	independent teaching state retained from the official 1080p recording
428	recording@00:29:22	optional	Progressive or repeated recording state	superseded build, repeated state, demo micro-step, or lower-information moment; the retained state preserves the independent teaching point
429	recording@00:29:23	optional	Speaker or transition frame	speaker-only, transition, or low-information frame without independent visual teaching content
430	recording@00:29:24	optional	Progressive or repeated recording state	superseded build, repeated state, demo micro-step, or lower-information moment; the retained state preserves the independent teaching point
431	recording@00:29:25	optional	Speaker or transition frame	speaker-only, transition, or low-information frame without independent visual teaching content
432	recording@00:29:26	optional	Progressive or repeated recording state	superseded build, repeated state, demo micro-step, or lower-information moment; the retained state preserves the independent teaching point
433	recording@00:29:27	optional	Progressive or repeated recording state	superseded build, repeated state, demo micro-step, or lower-information moment; the retained state preserves the independent teaching point
434	recording@00:29:28	optional	Speaker or transition frame	speaker-only, transition, or low-information frame without independent visual teaching content
435	recording@00:29:29	optional	Progressive or repeated recording state	superseded build, repeated state, demo micro-step, or lower-information moment; the retained state preserves the independent teaching point
436	recording@00:29:31	optional	Speaker or transition frame	speaker-only, transition, or low-information frame without independent visual teaching content
437	recording@00:29:32	optional	Progressive or repeated recording state	superseded build, repeated state, demo micro-step, or lower-information moment; the retained state preserves the independent teaching point
438	recording@00:29:33	optional	Speaker or transition frame	speaker-only, transition, or low-information frame without independent visual teaching content
439	recording@00:29:35	optional	Progressive or repeated recording state	superseded build, repeated state, demo micro-step, or lower-information moment; the retained state preserves the independent teaching point
440	recording@00:29:36	optional	Progressive or repeated recording state	superseded build, repeated state, demo micro-step, or lower-information moment; the retained state preserves the independent teaching point
441	recording@00:29:37	optional	Speaker or transition frame	speaker-only, transition, or low-information frame without independent visual teaching content
442	recording@00:29:39	optional	Speaker or transition frame	speaker-only, transition, or low-information frame without independent visual teaching content
443	recording@00:29:40	optional	Speaker or transition frame	speaker-only, transition, or low-information frame without independent visual teaching content
444	recording@00:29:41	optional	Speaker or transition frame	speaker-only, transition, or low-information frame without independent visual teaching content
445	recording@00:29:42	optional	Speaker or transition frame	speaker-only, transition, or low-information frame without independent visual teaching content
446	recording@00:29:45	optional	Speaker or transition frame	speaker-only, transition, or low-information frame without independent visual teaching content
447	recording@00:29:46	optional	Speaker or transition frame	speaker-only, transition, or low-information frame without independent visual teaching content
448	recording@00:29:47	optional	Speaker or transition frame	speaker-only, transition, or low-information frame without independent visual teaching content
449	recording@00:29:48	optional	Speaker or transition frame	speaker-only, transition, or low-information frame without independent visual teaching content
450	recording@00:29:49	optional	Speaker or transition frame	speaker-only, transition, or low-information frame without independent visual teaching content
451	recording@00:29:50	optional	Speaker or transition frame	speaker-only, transition, or low-information frame without independent visual teaching content
452	recording@00:29:51	optional	Speaker or transition frame	speaker-only, transition, or low-information frame without independent visual teaching content
453	recording@00:29:52	optional	Speaker or transition frame	speaker-only, transition, or low-information frame without independent visual teaching content
454	recording@00:29:53	optional	Speaker or transition frame	speaker-only, transition, or low-information frame without independent visual teaching content
455	recording@00:29:54	optional	Speaker or transition frame	speaker-only, transition, or low-information frame without independent visual teaching content
456	recording@00:29:55	optional	Speaker or transition frame	speaker-only, transition, or low-information frame without independent visual teaching content
457	recording@00:29:56	optional	Progressive or repeated recording state	superseded build, repeated state, demo micro-step, or lower-information moment; the retained state preserves the independent teaching point
458	recording@00:30:19	optional	Progressive or repeated recording state	superseded build, repeated state, demo micro-step, or lower-information moment; the retained state preserves the independent teaching point
459	recording@00:30:21	optional	Speaker or transition frame	speaker-only, transition, or low-information frame without independent visual teaching content
460	recording@00:30:23	optional	Progressive or repeated recording state	superseded build, repeated state, demo micro-step, or lower-information moment; the retained state preserves the independent teaching point
461	recording@00:30:24	optional	Progressive or repeated recording state	superseded build, repeated state, demo micro-step, or lower-information moment; the retained state preserves the independent teaching point
462	recording@00:30:31	optional	Speaker or transition frame	speaker-only, transition, or low-information frame without independent visual teaching content
463	recording@00:30:32	optional	Speaker or transition frame	speaker-only, transition, or low-information frame without independent visual teaching content
464	recording@00:30:33	optional	Speaker or transition frame	speaker-only, transition, or low-information frame without independent visual teaching content
465	recording@00:30:34	optional	Progressive or repeated recording state	superseded build, repeated state, demo micro-step, or lower-information moment; the retained state preserves the independent teaching point
466	recording@00:30:35	optional	Progressive or repeated recording state	superseded build, repeated state, demo micro-step, or lower-information moment; the retained state preserves the independent teaching point
467	recording@00:30:36	optional	Progressive or repeated recording state	superseded build, repeated state, demo micro-step, or lower-information moment; the retained state preserves the independent teaching point
468	recording@00:31:13	optional	Progressive or repeated recording state	superseded build, repeated state, demo micro-step, or lower-information moment; the retained state preserves the independent teaching point
469	recording@00:31:14	optional	Speaker or transition frame	speaker-only, transition, or low-information frame without independent visual teaching content
470	recording@00:31:15	optional	Speaker or transition frame	speaker-only, transition, or low-information frame without independent visual teaching content
471	recording@00:31:16	optional	Speaker or transition frame	speaker-only, transition, or low-information frame without independent visual teaching content
472	recording@00:31:17	optional	Progressive or repeated recording state	superseded build, repeated state, demo micro-step, or lower-information moment; the retained state preserves the independent teaching point
473	recording@00:31:18	optional	Speaker or transition frame	speaker-only, transition, or low-information frame without independent visual teaching content
474	recording@00:31:19	optional	Speaker or transition frame	speaker-only, transition, or low-information frame without independent visual teaching content
475	recording@00:31:20	optional	Speaker or transition frame	speaker-only, transition, or low-information frame without independent visual teaching content
476	recording@00:31:21	optional	Speaker or transition frame	speaker-only, transition, or low-information frame without independent visual teaching content
477	recording@00:31:22	optional	Speaker or transition frame	speaker-only, transition, or low-information frame without independent visual teaching content
478	recording@00:31:23	optional	Speaker or transition frame	speaker-only, transition, or low-information frame without independent visual teaching content
479	recording@00:31:24	optional	Speaker or transition frame	speaker-only, transition, or low-information frame without independent visual teaching content
480	recording@00:31:25	optional	Progressive or repeated recording state	superseded build, repeated state, demo micro-step, or lower-information moment; the retained state preserves the independent teaching point
481	recording@00:31:26	optional	Speaker or transition frame	speaker-only, transition, or low-information frame without independent visual teaching content
482	recording@00:31:27	optional	Progressive or repeated recording state	superseded build, repeated state, demo micro-step, or lower-information moment; the retained state preserves the independent teaching point
483	recording@00:31:28	optional	Progressive or repeated recording state	superseded build, repeated state, demo micro-step, or lower-information moment; the retained state preserves the independent teaching point
484	recording@00:31:29	optional	Progressive or repeated recording state	superseded build, repeated state, demo micro-step, or lower-information moment; the retained state preserves the independent teaching point
485	recording@00:31:30	optional	Progressive or repeated recording state	superseded build, repeated state, demo micro-step, or lower-information moment; the retained state preserves the independent teaching point
486	recording@00:31:31	optional	Speaker or transition frame	speaker-only, transition, or low-information frame without independent visual teaching content
487	recording@00:31:32	optional	Progressive or repeated recording state	superseded build, repeated state, demo micro-step, or lower-information moment; the retained state preserves the independent teaching point
488	recording@00:31:33	optional	Progressive or repeated recording state	superseded build, repeated state, demo micro-step, or lower-information moment; the retained state preserves the independent teaching point
489	recording@00:31:34	optional	Progressive or repeated recording state	superseded build, repeated state, demo micro-step, or lower-information moment; the retained state preserves the independent teaching point
490	recording@00:31:35	optional	Progressive or repeated recording state	superseded build, repeated state, demo micro-step, or lower-information moment; the retained state preserves the independent teaching point
491	recording@00:31:36	optional	Speaker or transition frame	speaker-only, transition, or low-information frame without independent visual teaching content
492	recording@00:31:37	optional	Progressive or repeated recording state	superseded build, repeated state, demo micro-step, or lower-information moment; the retained state preserves the independent teaching point
493	recording@00:31:38	optional	Progressive or repeated recording state	superseded build, repeated state, demo micro-step, or lower-information moment; the retained state preserves the independent teaching point
494	recording@00:31:39	optional	Progressive or repeated recording state	superseded build, repeated state, demo micro-step, or lower-information moment; the retained state preserves the independent teaching point
495	recording@00:31:40	optional	Progressive or repeated recording state	superseded build, repeated state, demo micro-step, or lower-information moment; the retained state preserves the independent teaching point
496	recording@00:31:41	optional	Progressive or repeated recording state	superseded build, repeated state, demo micro-step, or lower-information moment; the retained state preserves the independent teaching point
497	recording@00:31:42	optional	Speaker or transition frame	speaker-only, transition, or low-information frame without independent visual teaching content
498	recording@00:31:43	optional	Speaker or transition frame	speaker-only, transition, or low-information frame without independent visual teaching content
499	recording@00:31:44	optional	Progressive or repeated recording state	superseded build, repeated state, demo micro-step, or lower-information moment; the retained state preserves the independent teaching point
500	recording@00:31:45	optional	Progressive or repeated recording state	superseded build, repeated state, demo micro-step, or lower-information moment; the retained state preserves the independent teaching point
501	recording@00:31:46	optional	Progressive or repeated recording state	superseded build, repeated state, demo micro-step, or lower-information moment; the retained state preserves the independent teaching point
502	recording@00:31:47	optional	Speaker or transition frame	speaker-only, transition, or low-information frame without independent visual teaching content
503	recording@00:31:48	optional	Speaker or transition frame	speaker-only, transition, or low-information frame without independent visual teaching content
504	recording@00:31:49	optional	Progressive or repeated recording state	superseded build, repeated state, demo micro-step, or lower-information moment; the retained state preserves the independent teaching point
505	recording@00:31:50	optional	Speaker or transition frame	speaker-only, transition, or low-information frame without independent visual teaching content
506	recording@00:31:51	optional	Speaker or transition frame	speaker-only, transition, or low-information frame without independent visual teaching content
507	recording@00:31:53	optional	Speaker or transition frame	speaker-only, transition, or low-information frame without independent visual teaching content
508	recording@00:31:54	optional	Speaker or transition frame	speaker-only, transition, or low-information frame without independent visual teaching content
509	recording@00:31:57	optional	Progressive or repeated recording state	superseded build, repeated state, demo micro-step, or lower-information moment; the retained state preserves the independent teaching point
510	recording@00:32:00	optional	Speaker or transition frame	speaker-only, transition, or low-information frame without independent visual teaching content
511	recording@00:32:01	optional	Speaker or transition frame	speaker-only, transition, or low-information frame without independent visual teaching content
512	recording@00:32:02	optional	Speaker or transition frame	speaker-only, transition, or low-information frame without independent visual teaching content
513	recording@00:32:03	optional	Progressive or repeated recording state	superseded build, repeated state, demo micro-step, or lower-information moment; the retained state preserves the independent teaching point
514	recording@00:32:04	optional	Progressive or repeated recording state	superseded build, repeated state, demo micro-step, or lower-information moment; the retained state preserves the independent teaching point
515	recording@00:32:05	optional	Speaker or transition frame	speaker-only, transition, or low-information frame without independent visual teaching content
516	recording@00:32:06	optional	Progressive or repeated recording state	superseded build, repeated state, demo micro-step, or lower-information moment; the retained state preserves the independent teaching point
517	recording@00:32:09	optional	Progressive or repeated recording state	superseded build, repeated state, demo micro-step, or lower-information moment; the retained state preserves the independent teaching point
518	recording@00:32:10	optional	Progressive or repeated recording state	superseded build, repeated state, demo micro-step, or lower-information moment; the retained state preserves the independent teaching point
519	recording@00:33:36	optional	Progressive or repeated recording state	superseded build, repeated state, demo micro-step, or lower-information moment; the retained state preserves the independent teaching point
520	slides-images/slide-49-long-term-memory.jpg	required	long-term memory	independent teaching state retained from the official 1080p recording
521	slides-images/slide-50-personalization.jpg	required	personalization	independent teaching state retained from the official 1080p recording
522	slides-images/slide-51-personalization-challenges.jpg	required	personalization challenges	independent teaching state retained from the official 1080p recording
523	recording@00:38:00	optional	Progressive or repeated recording state	superseded build, repeated state, demo micro-step, or lower-information moment; the retained state preserves the independent teaching point
524	recording@00:38:09	optional	Progressive or repeated recording state	superseded build, repeated state, demo micro-step, or lower-information moment; the retained state preserves the independent teaching point
525	recording@00:38:29	optional	Progressive or repeated recording state	superseded build, repeated state, demo micro-step, or lower-information moment; the retained state preserves the independent teaching point
526	recording@00:38:37	optional	Progressive or repeated recording state	superseded build, repeated state, demo micro-step, or lower-information moment; the retained state preserves the independent teaching point
527	recording@00:39:05	optional	Progressive or repeated recording state	superseded build, repeated state, demo micro-step, or lower-information moment; the retained state preserves the independent teaching point
528	recording@00:39:26	optional	Progressive or repeated recording state	superseded build, repeated state, demo micro-step, or lower-information moment; the retained state preserves the independent teaching point
529	slides-images/slide-52-multi-agent-autonomous-systems.jpg	required	multi-agent autonomous systems	independent teaching state retained from the official 1080p recording
530	recording@00:39:53	optional	Progressive or repeated recording state	superseded build, repeated state, demo micro-step, or lower-information moment; the retained state preserves the independent teaching point
531	recording@00:40:09	optional	Progressive or repeated recording state	superseded build, repeated state, demo micro-step, or lower-information moment; the retained state preserves the independent teaching point
532	recording@00:40:32	optional	Progressive or repeated recording state	superseded build, repeated state, demo micro-step, or lower-information moment; the retained state preserves the independent teaching point
533	recording@00:40:33	optional	Progressive or repeated recording state	superseded build, repeated state, demo micro-step, or lower-information moment; the retained state preserves the independent teaching point
534	slides-images/slide-53-why-multiagent-systems.jpg	required	why multi-agent systems	independent teaching state retained from the official 1080p recording
535	slides-images/slide-54-agent-hierarchy.jpg	required	agent hierarchy	independent teaching state retained from the official 1080p recording
536	slides-images/slide-55-mcp-a2a-protocols.jpg	required	MCP and A2A protocols	independent teaching state retained from the official 1080p recording
537	slides-images/slide-56-mcp-usbc.jpg	required	MCP USB-C analogy	independent teaching state retained from the official 1080p recording
538	recording@00:45:27	optional	Progressive or repeated recording state	superseded build, repeated state, demo micro-step, or lower-information moment; the retained state preserves the independent teaching point
539	recording@00:45:40	optional	Progressive or repeated recording state	superseded build, repeated state, demo micro-step, or lower-information moment; the retained state preserves the independent teaching point
540	recording@00:45:42	optional	Progressive or repeated recording state	superseded build, repeated state, demo micro-step, or lower-information moment; the retained state preserves the independent teaching point
541	recording@00:45:44	optional	Progressive or repeated recording state	superseded build, repeated state, demo micro-step, or lower-information moment; the retained state preserves the independent teaching point
542	slides-images/slide-57-mcp-api-benefits.jpg	required	MCP over APIs	independent teaching state retained from the official 1080p recording
543	recording@00:45:47	optional	Progressive or repeated recording state	superseded build, repeated state, demo micro-step, or lower-information moment; the retained state preserves the independent teaching point
544	slides-images/slide-58-key-issues-autonomous-agents.jpg	required	key issues with autonomous agents	independent teaching state retained from the official 1080p recording
